Timestamp,MotorTemp_C,AmbientTemp_C,AmbientHum_%,RawAccel_X_ms2,RawAccel_Y_ms2,RawAccel_Z_ms2,VibMagnitude_ms2,DominantFreq_Hz
2026-04-22 19:43:02.232311,65.50032406757278,30.26683950270548,61.06444299973471,0.45432380186355054,-0.11186948056325083,9.942644655166912,2.941923860091546,45.49866340849916
2026-04-22 19:48:02.232311,65.42872570893871,30.22331771009998,47.04993625019186,0.22051453644147065,-0.3188116479355859,9.692649491993777,2.4184850454269164,40.42389206896275
2026-04-22 19:53:02.232311,66.10951074368191,30.581067060629017,51.866261585150994,-0.061294607394247615,0.21035461906512481,10.089662202842558,2.1515561216449464,44.901211869531565
2026-04-22 19:58:02.232311,64.40718830987255,29.66782576126336,36.045632987213295,0.1252680880338478,0.26378475952766806,9.659237510983619,3.01050148878136,43.54291139314293
2026-04-22 20:03:02.232311,67.1890069131177,31.146126348326767,57.564558432754204,0.045943141202084176,-0.4348764231244733,10.097985930691934,2.942307264161254,44.12728013461709
2026-04-22 20:08:02.232311,62.81900197851329,28.810121048537088,54.06917878103111,-0.07923521773348474,-0.11480314303353857,9.470631034866644,3.5911007356335913,43.49368159802805
2026-04-22 20:13:02.232311,63.15644763963938,28.984756066470336,52.3798847123261,-0.22355473287892214,-0.31942023471528946,9.694266592409047,3.3098784010694016,46.047220549310964
2026-04-22 20:18:02.232311,65.60118898291827,30.283282114885072,65.84593594350785,0.12207382901460237,0.014417445505551218,10.090474954137225,4.038302643993719,47.44423761569994
2026-04-22 20:23:02.232311,65.39257790363403,30.166686871266155,40.6943180837554,-0.19070323516931298,-0.14824907538088875,10.0021420880933,3.4249870799530924,47.52468205798915
2026-04-22 20:28:02.232311,64.96137102988898,29.931373870601448,57.53405184948011,-0.03056103543862756,-0.3450180449436701,9.462712277946908,3.1870326197001955,44.62319130965594
2026-04-22 20:33:02.232311,65.56452696011046,30.247721032052244,47.15909188055438,0.4192937537912699,0.13461769030753934,9.423715946389667,2.788038477133013,47.925121722377654
2026-04-22 20:38:02.232311,65.88208691912101,30.411750342190537,38.101460162147355,-0.23364566938273743,0.16263428758358328,9.670188820627512,3.6890082638309734,46.085204452747845
2026-04-22 20:43:02.232311,62.78584285885342,28.755084175380485,44.87855947141263,-0.2986530602212599,-0.16959909454232142,10.133444681025681,4.174348156886089,41.20315061327773
2026-04-22 20:48:02.232311,66.44069619527262,30.699003286803396,53.09415904005451,-0.23723284832916217,0.14622071295281253,9.897416037543113,3.644159106588658,44.772374250241775
2026-04-22 20:53:02.232311,66.22747378462795,30.5799486664589,45.76365043636149,-0.1521246399375503,-0.006048780048194012,9.799620616123097,3.4720721632019136,45.2486561952253
2026-04-22 20:58:02.232311,64.60682689649069,29.710267658118358,69.72902335416288,0.28691465002551625,0.13355214906724017,10.390657423064132,3.582647655036526,45.38046573813866
2026-04-22 21:03:02.232311,64.06676003761696,29.416895998718378,63.896910849747556,0.5089535684938263,0.4099461462357297,10.177081110394171,2.6217119330916896,46.95088142962838
2026-04-22 21:08:02.232311,64.14307633674227,29.452262023584534,44.311941457588475,0.10693880452079654,-0.2985119979397848,9.410964797779426,2.9000767771952067,41.86724798953808
2026-04-22 21:13:02.232311,63.80447657281213,29.266339481487798,54.18955428098614,-0.22963284388115068,0.4728567326607666,9.626494802760476,3.6715963003646372,45.64983626829724
2026-04-22 21:18:02.232311,65.30532577910348,30.06145639017586,38.92885890900831,-0.38096107726754946,-0.2032291263086218,9.92253203698943,3.556195480493904,46.522142450693025
2026-04-22 21:23:02.232311,65.31272272979895,30.060065429212763,45.716606104990646,0.024303961821021895,0.14615366101909183,9.886082825180765,1.6380189105088894,47.04448164443388
2026-04-22 21:28:02.232311,64.92903422981142,29.850095561218755,58.928280292850346,-0.22446097895551304,0.08087653763484458,9.791835885160143,1.8710049788495506,44.04120552867015
2026-04-22 21:33:02.232311,65.08569691028315,29.92831298946967,54.33722981087933,-0.2772789226747233,-0.16674563575150395,9.133521151656682,2.1595911139531174,42.98024758251086
2026-04-22 21:38:02.232311,64.90191550687436,29.824960239650988,44.50514636364365,0.2673222288862435,-0.5013156880583334,9.648341782659834,3.5349936853814237,43.910657548062126
2026-04-22 21:43:02.232311,66.65562102705232,30.754933849078565,42.65056830566983,-0.4222378582190418,0.3088827474033546,9.881321742689483,0.7250829956823489,43.08593649110228
2026-04-22 21:48:02.232311,62.238100671679746,28.393586991545853,36.52459981072178,-0.3384071398717473,-0.44474207711393954,10.216362842674771,2.7730909775836343,48.32106126942343
2026-04-22 21:53:02.232311,60.60056374789414,27.514897964192865,43.69254427291335,0.347759883549806,-0.016297232253781015,10.118455823775557,3.1145103107695853,43.69346305809538
2026-04-22 21:58:02.232311,63.86848104415169,29.252451187529555,55.87206716733358,-0.23458811645148983,0.4401801410526789,9.602751093770607,2.8819518892021136,47.05048765939772
2026-04-22 22:03:02.232311,63.76177515333914,29.190205377762197,45.608508997408634,-0.04502405595018272,-0.2734510381762392,9.70818645507574,3.6871392308880644,46.42243666927425
2026-04-22 22:08:02.232311,64.45702972017293,29.555671812072887,51.49299080535796,-0.4116470893124983,0.07993680399950771,9.44193499009439,2.327381047277754,42.52639444477629
2026-04-22 22:13:02.232311,65.15953122424936,29.925003279579645,48.99580083385026,0.23381488209918466,-0.16623730394722108,9.495835211008364,1.9183016686741425,43.16391141647021
2026-04-22 22:18:02.232311,66.99513432433547,30.898655598291576,40.40705496055956,0.17180743222959585,-0.2864661952846007,10.125549758984093,3.2249416946491114,45.12317941549527
2026-04-22 22:23:02.232311,62.78225066870418,28.646448313954213,41.73568984019128,0.17101637966635688,-0.10014923514315636,9.72475255806079,4.19496195249422,43.96316955349501
2026-04-22 22:28:02.232311,66.3506427069379,30.544254733011535,45.86434994515017,0.1453429453272274,0.128964780902268,9.52151015049892,4.24212074347205,48.579226381553866
2026-04-22 22:33:02.232311,62.041434529477606,28.240674370365383,58.07336651031658,-0.20919280233294357,-0.09698296124120823,9.822923705314158,2.6979258344211483,44.82773080876002
2026-04-22 22:38:02.232311,64.65988681623425,29.631846255301586,41.036401771806,-0.023250828881205898,0.12238567610520887,9.633266273782272,3.527181312561083,44.85216593534021
2026-04-22 22:43:02.232311,67.20594908912884,30.984410132844705,44.2795622580439,0.18578368912779994,-0.024740074477695904,10.338468609303138,2.9977179046465894,47.85719061424672
2026-04-22 22:48:02.232311,66.64099201473854,30.677763691835878,58.56254302629756,-0.15389910780407556,0.28318984387472357,10.186578523883965,1.8785030630558954,42.91519178962034
2026-04-22 22:53:02.232311,68.0528169317187,31.42540097955796,67.8766233006501,-0.16485834536786093,0.14085124062560414,9.664530043159536,4.655583524728097,44.04457732861603
2026-04-22 22:58:02.232311,64.51710323032175,29.53435100414559,55.32469440731467,-0.204604794115565,-0.31682209713632936,10.192762814732207,2.357875599954858,48.20126716994534
2026-04-22 23:03:02.232311,65.83034512384472,30.229410679357173,51.19983875148321,0.1627545398362442,0.11835071109428523,10.18417302291661,4.593287334839673,45.05430171399666
2026-04-22 23:08:02.232311,63.412167021557025,28.9343796901364,48.7044788211617,0.44487654562330603,-0.30405304492443613,9.860762074054332,2.4064498097466935,44.75230837888438
2026-04-22 23:13:02.232311,64.3118722976603,29.408886502724144,52.16368711233714,-0.03179264831815794,0.19867808783494365,9.473257642980426,2.587318298240776,44.49264359360046
2026-04-22 23:18:02.232311,65.93775707124504,30.270689047302007,66.69681511390075,-0.4072353034501415,-0.056908063524799254,10.17278959483401,2.4528825935341865,45.366192802306905
2026-04-22 23:23:02.232311,64.76520962556683,29.639994408272962,31.53597754568918,-0.4173256906740636,-0.30849754817031105,10.069748205552603,4.155138166870926,44.0777002391389
2026-04-22 23:28:02.232311,64.96383408140547,29.740591450052897,56.60842038800749,-0.159861560687416,-0.2186276456222345,9.720283143172583,1.15301454156616,45.52293396287817
2026-04-22 23:33:02.232311,64.82292510085607,29.66010399242589,54.08536002962115,-0.07936450330857811,-0.0918157331483985,9.419607705917933,5.2157930464599485,46.14014520505352
2026-04-22 23:38:02.232311,68.73645874410964,31.741985934160454,54.333705933181754,0.21888059046784059,-0.01655849999272405,9.514986122168436,3.050087577968283,47.18275063860224
2026-04-22 23:43:02.232311,66.42689385782688,30.504881993475657,42.183320524192396,0.21433468529772906,-0.2573674033547299,9.684890665132308,3.626546272095349,47.8282068348739
2026-04-22 23:48:02.232311,62.78340088346703,28.556349739149738,40.60228603845161,-0.1828039118643837,-0.2194924743728747,9.34049693985074,4.282622141617466,48.14339740243765
2026-04-22 23:53:02.232311,63.231851281318214,28.790187283336362,44.17012461924621,0.5638587718622466,-0.2995306857083522,9.901957220370893,2.846510050550188,43.515769561554336
2026-04-22 23:58:02.232311,65.57787471833385,30.036063781744033,58.21211260104286,-0.17500151514502169,0.1348986879045092,9.329118740499762,1.8589379443095206,42.92944705354064
2026-04-23 00:03:02.232311,66.45348247816503,30.497718585653335,49.60297201588677,0.3000359086651237,0.4341352437345599,10.175498505644205,2.3214405416987676,47.60616489492676
2026-04-23 00:08:02.232311,65.29892594099269,29.876619097827415,54.109179177970205,0.008507145470446512,0.3232386401748037,9.973049397813682,3.626874014741515,45.84793776138125
2026-04-23 00:13:02.232311,65.69166060550582,30.080741584233756,46.46384060885492,-0.03321998838314117,0.1927802503336374,9.71363444304878,4.489643379361703,44.01811750384789
2026-04-23 00:18:02.232311,67.12213893527294,30.838327358775548,51.40250076709852,0.36257574360145967,0.25254985532182583,9.512955544224676,0.9284777795043835,49.16257478552931
2026-04-23 00:23:02.232311,65.63305433888573,30.038812906035034,50.13647762721589,-0.03926205021427634,0.46744272508081247,9.489455199042794,3.9365851751709493,46.6771631583959
2026-04-23 00:28:02.232311,63.910238146606105,29.11464160215191,60.511827455902676,-0.2237406193701199,0.2263132262196914,9.61859542515322,2.8912393009479955,45.079508682603
2026-04-23 00:33:02.232311,65.90109471193655,30.171095768994142,53.552582715960554,-0.4490044706914259,0.055259758887990035,9.824164062370407,2.438102162912234,46.4499690222631
2026-04-23 00:38:02.232311,65.39572195335522,29.896227629750104,57.82648458940792,0.22896986864484545,-0.28059426282112276,9.52617578532085,3.949275416783781,46.340355005461575
2026-04-23 00:43:02.232311,65.4249490030244,29.906479388239653,52.399655331359334,0.01004449021838947,-0.010778259407771315,9.34717550725583,3.2225758338129067,47.812019078381276
2026-04-23 00:48:02.232311,66.68614811826764,30.573782915035384,61.53159363621032,0.2989261270884941,0.2024744812977005,9.615861980674367,2.0875234084719194,45.73300955749908
2026-04-23 00:53:02.232311,65.45586436833526,29.912295580404116,43.896385405128235,-0.093631558371035,0.2324991259036983,10.289274297051213,2.348006020848977,45.56284934015465
2026-04-23 00:58:02.232311,67.31848353050415,30.900356465560193,39.16335850405953,-0.059551443209884404,0.012267548822081547,9.065721556863382,2.7599903744355623,46.65858193696627
2026-04-23 01:03:02.232311,68.75719778104627,31.662334731181993,47.858853277280666,0.25804373004865366,0.17309861420553557,9.702462201222486,3.177077619489951,44.512822938606796
2026-04-23 01:08:02.232311,63.57957937670078,28.89560224753039,65.852967643783,0.026178866812413222,-0.17124391504677228,9.858858586559633,2.565165560767252,47.053815601867
2026-04-23 01:13:02.232311,65.45650886952781,29.891295309037474,67.63014013915625,-0.021960356014690097,0.3959927158705648,10.265498712780639,0.783152346762686,41.96432609434079
2026-04-23 01:18:02.232311,68.35400403814754,31.43129006430067,65.43312527834776,0.12918508195377068,-0.03524604008454579,10.04032473264399,2.7964735709810986,42.22443332729932
2026-04-23 01:23:02.232311,66.57688083458639,30.478155021067387,49.592357940747874,-0.29870920081051955,0.5601849647366403,9.510443270412162,3.088312391793269,44.659430535456806
2026-04-23 01:28:02.232311,65.79519861585801,30.055921836411585,51.76180764857641,0.4213042226871114,-0.1721815296890447,9.607973934725807,4.1400978780758795,46.289744306735855
2026-04-23 01:33:02.232311,67.8737055608127,31.159122872386746,52.287744786853146,0.1324397943960363,0.08164399255711027,10.546857464684047,2.9193835691987458,45.779861645044825
2026-04-23 01:38:02.232311,64.47628570460013,29.34182961440605,59.75046934854637,0.1318109572466057,-0.1877969348898232,9.755968479771916,3.8821022393801523,44.530183858166495
2026-04-23 01:43:02.232311,65.03848037713203,29.636330771755734,43.48140437624573,0.23512453607192757,0.09398650830230715,9.472249760908397,2.2016445828387545,46.22236581832573
2026-04-23 01:48:02.232311,65.4985437400916,29.876361897333496,54.27661153903653,-0.3223516529912888,0.15893824177743246,9.858715592844083,2.6894801243521402,46.15661504487894
2026-04-23 01:53:02.232311,65.51377562093957,29.87914956578508,43.1386801724118,0.4659783179743801,-0.21711005813086326,9.542605087106939,4.763025880177044,49.091214490351305
2026-04-23 01:58:02.232311,65.47228483769794,29.851685146722208,57.55628230239315,-0.11750262361159867,0.23400036563173698,9.473868259119847,3.097362036966036,43.959970523376136
2026-04-23 02:03:02.232311,66.33415758132465,30.306014608655783,57.00238226045313,0.22449734911952693,0.34521060678577525,9.584689908993825,2.339076631443903,46.34824135062516
2026-04-23 02:08:02.232311,63.08198742643692,28.566187858048334,24.199703707834928,-0.19920222282754269,0.592730325642185,9.17342505272692,2.499771502871597,45.29206690030161
2026-04-23 02:13:02.232311,66.32966470351522,30.29294640448942,53.607005978526885,0.36076149227070237,-0.0628651758352582,9.88569158348885,2.410897335783134,48.496114267982556
2026-04-23 02:18:02.232311,66.75372285305394,30.51377474957608,36.604081542566554,-0.5334382410793326,0.15733970151209328,9.430001436950565,4.041465864740894,43.610987598500515
2026-04-23 02:23:02.232311,64.92960362647206,29.535575160731742,48.96949384869476,-0.14897440161881834,0.19641443513416115,10.008684406700663,4.059155226925218,44.270818437487
2026-04-23 02:28:02.232311,61.58201566595659,27.744858913789486,43.72782322986792,-0.10805144739387094,0.1255814545537515,9.36130698476627,3.8866866584390976,45.43612610346324
2026-04-23 02:33:02.232311,66.12203948359279,30.160868948528126,44.00845398593988,-0.16479649894343384,-0.010101268607275875,9.467089027893127,3.2024093292681233,48.84464119910688
2026-04-23 02:38:02.232311,64.89935506668655,29.503434591510796,50.078584290636456,0.15013928323613107,0.16230917137999643,9.680404323653457,3.566961138146117,46.99048371259601
2026-04-23 02:43:02.232311,65.09028570160612,29.5999282621339,51.48129661700691,-0.00023670410347285476,-0.14152181005683204,9.88430645971925,2.8691408969964773,44.56544887295421
2026-04-23 02:48:02.232311,64.64138440103832,29.355178233830415,60.03173615065561,0.3081824061895466,-0.09288215532953095,10.07110299320876,2.9561010956458267,47.257066640309354
2026-04-23 02:53:02.232311,64.21612701829758,29.123038295034686,41.54541958394803,0.10640797617134178,0.026472815045872594,9.687722279571704,2.0612541201747665,45.00203940627422
2026-04-23 02:58:02.232311,65.86722988936535,29.998290491603488,57.968696697069774,0.04560537345948631,0.09933775708195867,9.385361827160828,1.5146957190616521,47.851045531299754
2026-04-23 03:03:02.232311,65.90570570546252,30.013474925521315,54.48943218401937,0.0583775197629559,0.014512697880828216,9.804366177156824,1.5862015758193264,47.0914900635277
2026-04-23 03:08:02.232311,63.383420921818306,28.662920372910403,43.27714410837501,-0.09580469456152745,0.0288525837276677,9.658858555967411,3.9567569009613157,47.11023600672023
2026-04-23 03:13:02.232311,66.01063794432157,30.058766783578143,55.587781462019116,-0.11826891632266659,0.06880023771691511,9.6650398231716,2.490375293176625,45.259084306339744
2026-04-23 03:18:02.232311,66.10054330381533,30.101380307307473,58.275930227986834,0.1970113004555177,-0.2607812885184134,9.98995639548343,2.073721334541399,44.136187664730656
2026-04-23 03:23:02.232311,63.98734608346583,28.969005788453746,57.88132830315946,-0.15839234063079502,-0.2313082141249384,9.17260514609031,3.7047928688943736,46.773136557912146
2026-04-23 03:28:02.232311,65.2731173351271,29.649414454672417,55.3139316244513,-0.13545590921915082,0.07353960084053227,10.013061976427618,2.2034427115654354,47.50376044894505
2026-04-23 03:33:02.232311,69.80403732863397,32.060569116542084,58.18555519800406,-0.08929127613194066,-0.40618987224696784,9.85681479380881,2.631764709684969,44.5663980063408
2026-04-23 03:38:02.232311,66.63124571013626,30.363077585342637,51.43038852933095,-0.14511581654025266,0.28630956323076684,10.031853794429367,2.8048217639594792,44.617795733613086
2026-04-23 03:43:02.232311,63.78153889186413,28.837897947596836,52.80905314442013,-0.30499347652706144,0.03822839994083672,9.768003276814891,2.740984697611339,47.149244361762946
2026-04-23 03:48:02.232311,66.50714810211649,30.286220191730763,51.8983979292934,0.1919050345033233,0.3102626428754786,9.637758126051459,3.374198597928653,42.43679753903761
2026-04-23 03:53:02.232311,65.29980597366482,29.636968388555864,44.00398543265863,0.1353838385276858,0.3244838153775738,9.466522139913778,3.118398919292621,42.42718273977384
2026-04-23 03:58:02.232311,67.44563758820725,30.77607591497783,59.34571214805558,0.20357187072191057,-0.12558507046099018,10.191344256159262,1.8063469988541647,43.9916322084529
2026-04-23 04:03:02.232311,67.28875087638517,30.687067000672055,38.538284202237115,0.10544064056408656,-0.2283631536605967,9.78654603244635,2.349051954920539,47.20794613041331
2026-04-23 04:08:02.232311,64.88474264492969,29.399593275895132,43.85521585465544,0.2883397493774403,0.15945570372072954,9.610988484944881,2.097146026942543,47.04134110746277
2026-04-23 04:13:02.232311,66.67452603519705,30.34880841603706,49.14429172138413,0.17617168625991605,0.3237186658615875,9.660131929689193,4.147509393364382,46.54283016230182
2026-04-23 04:18:02.232311,69.19366460858042,31.687012987174185,46.155686255386094,0.2268630361220282,0.17981021165263764,9.792230377425748,2.583060371331802,43.922487955858536
2026-04-23 04:23:02.232311,65.79509699431527,29.86910759156544,51.873945956360224,-0.17831335651184202,-0.3363585236960044,9.40653345728214,2.869136743121783,48.46343481948209
2026-04-23 04:28:02.232311,66.08755000647439,30.01974653004964,54.32045921509036,-0.03847778234694451,0.27163643742079374,10.035430027220373,3.101558953381686,45.47798333883547
2026-04-23 04:33:02.232311,65.78365276588804,29.852332000402914,64.46225564597921,-0.030820675642006887,-0.3951673322742202,8.99806895202069,3.697843234675631,46.6434438156858
2026-04-23 04:38:02.232311,68.84480585503901,31.479610979949438,62.572812007431146,-0.20204987396252097,0.10431921737277013,10.070503112390595,3.6531111409278676,43.92535512918643
2026-04-23 04:43:02.232311,65.95014357841559,29.930455097749608,50.5943168339817,-0.41943616369219844,0.3237819833702731,9.556104583425558,3.0485080282561086,42.294248710258245
2026-04-23 04:48:02.232311,65.95705560300244,29.9288055095286,52.8482592027704,0.2917141285865271,-0.3707594008868984,9.828341880332458,3.0891947947044454,46.2331167485006
2026-04-23 04:53:02.232311,66.98775276133163,30.473174659303506,53.55248765078433,0.03916407364546689,0.3262372020051089,9.600891529427084,2.266054267543249,48.42935292452284
2026-04-23 04:58:02.232311,69.31102474401199,31.706917048732354,40.61840448870367,-0.07315116327097929,-0.07559209083929025,10.25427418657926,4.583701555527465,43.64326626539924
2026-04-23 05:03:02.232311,67.56124353659114,30.768364403440568,34.79540922327192,0.07222342577933828,0.1715676366938477,9.65659521371627,2.6868847002152503,43.15661865927353
2026-04-23 05:08:02.232311,65.70458945929605,29.772812894215857,60.077957617820495,-0.12121028374738808,-0.4678946753302382,9.589394683863668,3.1523145663372296,47.81602515508986
2026-04-23 05:13:02.232311,65.57224476878069,29.696893057940333,46.5981271709225,0.445022878220514,0.07562989998379412,9.154981740215863,3.687059341035723,48.34517109515171
2026-04-23 05:18:02.232311,68.76593083315392,31.39485629093872,34.050392787712326,-0.10364681456199137,0.14907547425533596,9.531461713744477,4.04171118692437,48.61234547379403
2026-04-23 05:23:02.232311,66.45344080871223,30.15619227656915,49.29729152055789,0.4093233662738136,0.4559437185398508,10.018273153204444,1.8167434157236733,45.72432699131644
2026-04-23 05:28:02.232311,67.51573402570521,30.71741265763141,41.6068419595477,-0.1588725055703677,-0.04332966752950555,9.9114807044178,4.179328430167261,47.950795810055766
2026-04-23 05:33:02.232311,65.03650429876501,29.389820801929304,45.669344480650565,0.4998954285994107,0.0801841205120962,9.657849399862346,2.5982419941943147,44.517390106132105
2026-04-23 05:38:02.232311,67.53088391203988,30.714820594341898,47.98830630210418,0.4253545502148299,-0.5131154742097634,10.114288424603505,2.3931856460645373,46.0536670429792
2026-04-23 05:43:02.232311,65.52862029299354,29.64161066284985,49.63919236650776,-0.2727026864223429,-0.47913920850311276,9.994925540271584,2.2141812952202367,45.120641155603636
2026-04-23 05:48:02.232311,65.5826546440304,29.665092982068835,60.99129610480573,0.12028086445878808,0.2192802355626684,9.480289792354483,3.616280528082842,42.818184603236425
2026-04-23 05:53:02.232311,64.71536573528967,29.19720289607311,51.22880195495508,-0.4714505056483104,-0.15513076933017633,9.138986724582526,3.6621064953163076,48.60444145691075
2026-04-23 05:58:02.232311,69.28031547701393,31.62650675699206,73.28272686265687,-0.10425183749982593,-0.012904841035398247,9.741626403496783,2.7549149557583816,45.95969013208319
2026-04-23 06:03:02.232311,65.7113188740602,29.717705900749394,53.635840381603074,0.4154423602054763,-0.01886975132729211,10.052196696539635,2.6993106366554662,47.41536728833802
2026-04-23 06:08:02.232311,64.86311470661735,29.259994343445882,43.32858284049453,0.14393722304394138,-0.7128895558635966,9.640210858356399,1.9933923889676237,45.93445934492201
2026-04-23 06:13:02.232311,66.09212795409191,29.910132074098307,51.24224845828483,-0.14269227757053593,-0.24543872317287815,9.62540711539606,3.663218130478489,44.842749556469926
2026-04-23 06:18:02.232311,65.87824008392485,29.79072254200855,46.491884388761726,-0.0995914776618981,-0.36469550829825115,9.978218098520246,4.157422112597713,40.61476384133325
2026-04-23 06:23:02.232311,62.960364308318624,28.22918612701789,59.42589956316085,0.013228654657643783,-0.04761511190841242,10.22448742859707,3.3876158751521936,40.57635058166855
2026-04-23 06:28:02.232311,66.7959356075818,30.269488151957578,47.08710255774271,0.14176965068675995,-0.10713190601756044,10.085912241629654,4.099289751426586,47.431870407568155
2026-04-23 06:33:02.232311,64.55869811078104,29.07095881899651,44.04018916219368,0.30772229955739094,-0.002302583120368616,9.90774734023223,3.6408657730044647,45.854307357849954
2026-04-23 06:38:02.232311,64.28386238227277,28.919043762458102,62.703776211457736,-0.049886381931751995,0.1626429469081484,9.866114022937976,3.327920111843814,49.22078918049625
2026-04-23 06:43:02.232311,63.90328303608668,28.71073210982485,51.34439769208837,0.3043872747785315,0.4914966959205219,9.881224758401695,2.446494839174554,46.0640743572803
2026-04-23 06:48:02.232311,67.28389479561167,30.50838904690419,51.54475148143246,0.23542473537239686,0.14578475592270945,9.59822584480012,3.118906287820628,46.907182842653256
2026-04-23 06:53:02.232311,64.40173206334116,28.965899588359235,49.325086468088216,0.07799670736608662,0.008750300154313752,9.954710769760858,4.398644147830719,45.8164254654132
2026-04-23 06:58:02.232311,65.91568578844031,29.76800557374479,44.3645588971611,-0.21008862163934522,0.0225819487516442,9.828190195458703,3.151946180621092,45.61965987231739
2026-04-23 07:03:02.232311,66.66023239604762,30.159761096468017,60.080818212074504,0.2923146383613969,-0.05297989365219322,9.554207004092076,2.634370233446432,46.105972300003
2026-04-23 07:08:02.232311,66.8377380591181,30.249094782104937,36.94667580894783,-0.12658337237565684,0.10346291240686233,9.85339790183635,2.8924847358671126,46.86654090984278
2026-04-23 07:13:02.232311,65.15622798832035,29.34695340967881,55.30530919011517,0.8416442962602046,0.37260625199082753,10.027175787596748,2.864918323778845,46.7824658428688
2026-04-23 07:18:02.232311,66.11909197954613,29.855144870331884,69.92233623036452,0.08070506767880511,-0.10190859092957084,9.836440287573684,3.4279099283142918,46.74400591076449
2026-04-23 07:23:02.232311,67.04867700091945,30.345587547063662,45.52246809510052,0.0994040714041488,-0.3440089736695864,9.316471844292264,4.434691485457077,47.51092409548268
2026-04-23 07:28:02.232311,68.35709583005737,31.038074921269892,44.23167317521332,0.1885047644451685,0.08409250021719115,9.62584260984848,1.594403963144617,45.17446300513665
2026-04-23 07:33:02.232311,64.57874020123332,29.01761591789639,48.625609088986316,-0.16937349529703724,0.41499727612705956,9.372118898147818,3.5654020684263714,49.255151181567776
2026-04-23 07:38:02.232311,66.43468197437858,30.00211552890653,40.728432106736335,0.3287588594485299,-0.33996929640470175,10.15417939592631,3.1473468591781777,46.18352608511232
2026-04-23 07:43:02.232311,64.49357958211489,28.961524918365228,47.101638019350304,-0.18201352152115655,0.14127507179607987,9.860267417647183,2.1788209092823125,44.43431529798401
2026-04-23 07:48:02.232311,66.55806361556965,30.0572470682071,51.583736327208435,-0.2239852000606503,-0.288389598358001,10.10665658326681,2.4182585802572265,42.70301766848137
2026-04-23 07:53:02.232311,65.08156257798659,29.264443846828804,55.81983520580333,0.06953008586720358,-0.24755099154370697,10.363741861621746,1.5081680383824645,46.30995892759538
2026-04-23 07:58:02.232311,66.922692111031,30.24104359645181,55.1212239423076,-0.07209292941898543,0.4177844983081028,9.791795378766276,3.02824685706409,50.16977304828374
2026-04-23 08:03:02.232311,66.86416316876975,30.20449215924515,41.182179573965485,0.24270942790010705,-0.11659911338193543,9.897688575152776,3.7138289786342353,45.14925747981497
2026-04-23 08:08:02.232311,68.01776058630907,30.81440811393212,40.25488178352015,-0.18591166546789523,-0.13559698052002475,9.946458634523536,3.754046710949701,47.73156729361565
2026-04-23 08:13:02.232311,67.05939173287058,30.297942057430927,46.96331697686734,0.04354755207515524,0.20090602867931376,9.330746302015099,3.125461962221415,44.631627808449295
2026-04-23 08:18:02.232311,63.511779838886255,28.400546379305286,47.5066455844465,-0.356078020072736,0.22479669448667053,10.037989813337001,3.251923398011799,45.698168458099836
2026-04-23 08:23:02.232311,65.62124738714644,29.520259737043386,49.83817115209389,0.19655088662813006,-0.0015198318171675406,9.213101615295209,5.319474367906663,49.20927514171654
2026-04-23 08:28:02.232311,66.84245467737311,30.16623429049695,45.929107426574035,0.046704179877962264,-0.40114492054684103,9.162777297474522,4.476241349849339,48.07741709563745
2026-04-23 08:33:02.232311,66.81088335538415,30.144060250768824,44.59686150129265,0.12871055160174963,-0.2421818060025855,10.016005066940293,3.8326496694582506,48.71509580992564
2026-04-23 08:38:02.232311,67.49853324950877,30.505470859634627,51.54630275095125,0.025913751157079095,0.18950196768076114,9.429590335024505,3.5601567840912844,47.520452563445254
2026-04-23 08:43:02.232311,66.18863363785623,29.801521732085938,58.244122784577556,-0.06453563124267195,-0.6273959067768111,9.92695215897637,3.4811102615864615,44.28292655225761
2026-04-23 08:48:02.232311,66.85663967824128,30.152455618957298,42.05897045227339,-0.011757246323269886,0.36905633661762577,9.292030804421216,2.4324453330303926,50.718877101009916
2026-04-23 08:53:02.232311,67.334440600062,30.401946775927676,42.661759860014435,0.20485020914750757,0.09617765257086223,9.882227596117142,3.7673497293184477,45.43618239463272
2026-04-23 08:58:02.232311,65.8348919187391,29.59685147788813,56.204353637940784,-0.2051357735309436,-0.06721925427112016,9.517938473383666,4.554691597426877,46.17944256209566
2026-04-23 09:03:02.232311,66.75470369105581,30.08208175512305,50.84976334464777,0.07953051927331281,-0.21135138360378364,10.105342452446648,3.235410540333131,46.39746767929572
2026-04-23 09:08:02.232311,66.75975858919338,30.07944169946242,58.19427432106259,-0.04863475537779863,0.11232982702597938,10.04739261848803,2.303051730903592,46.295979641646014
2026-04-23 09:13:02.232311,67.88248477763157,30.672892998628782,45.15095224157559,-0.10672735188158469,-0.2033309659063227,9.721718407334512,3.6965847936736873,46.891472394257676
2026-04-23 09:18:02.232311,66.64945813954367,30.00994279031457,44.405568245134305,0.130483544321455,-0.28195478981752004,9.881803898682355,1.42412865653483,46.9439036129119
2026-04-23 09:23:02.232311,64.4968883104527,28.856569546798717,40.32535514995763,0.13095837830336282,-0.0757031560540716,9.411477531381037,3.0903887583136562,45.58512548926095
2026-04-23 09:28:02.232311,66.91931411624968,30.143193975223106,44.95351417585732,-0.014319887683872101,0.08036579556518035,9.778234018510698,3.043463399366794,47.1810076876027
2026-04-23 09:33:02.232311,67.69271646399083,30.550339226017723,48.03825738709815,-0.04602982008853957,-0.2130499517830837,9.41670723783129,3.4926164037115073,46.93879411579564
2026-04-23 09:38:02.232311,65.08163375332067,29.15242577899297,44.95528543899928,0.19903083528009446,-0.20259806105150557,10.098107454246055,2.652119374370722,45.64961905983324
2026-04-23 09:43:02.232311,67.32802903946505,30.34516726360264,33.73166556034461,-0.45288711280970867,0.275958673066232,9.380871804160508,3.2579494167238527,48.1442033698082
2026-04-23 09:48:02.232311,70.780111759238,32.180942046147536,54.610368917632286,-0.2802376764662468,0.06819129866247856,9.842508299824893,3.9898201247320193,47.70504410355628
2026-04-23 09:53:02.232311,68.72455433564502,31.07930875223062,48.265710992354364,-0.20991327764268342,-0.07009519727593257,9.142371841478388,2.9931192925439376,45.256782476388494
2026-04-23 09:58:02.232311,65.47760262515519,29.342265171968712,54.384329498514674,0.1693482039750951,-0.10848379065852487,9.710128014685052,2.953531221011645,42.246830807264644
2026-04-23 10:03:02.232311,67.90267896690322,30.630303219566994,41.96532168708968,-0.2934913022918882,0.2929304328473944,9.782894862080159,3.857181920212437,48.66875179355662
2026-04-23 10:08:02.232311,66.55116737134806,29.90416103393691,57.27139676386455,-0.5530180418024087,-0.06317338878292308,9.511845738530182,3.0131688263418375,48.98343797602768
2026-04-23 10:13:02.232311,67.57675190672067,30.445803451468308,44.702394422810244,-0.2213674382420479,-0.15887132642112733,9.548325746329994,3.5863408935278094,43.49728009372914
2026-04-23 10:18:02.232311,68.18930972680162,30.767164954177478,42.112957205479645,-0.02759104761857569,0.18192316852807358,10.08585900203198,4.457537844475356,44.58527673508569
2026-04-23 10:23:02.232311,67.63818564310368,30.467896108204577,55.659451976103114,0.2183432470263479,-0.04074377395875744,9.465180757723838,1.7048511189109468,51.26578040089608
2026-04-23 10:28:02.232311,65.94187451838957,29.557860840356376,40.24897909679673,0.1107141392321983,0.21363403822366306,10.067567826495699,2.811949157970009,45.27470773599638
2026-04-23 10:33:02.232311,64.69992867451154,28.890153722287426,60.11264805871477,0.4359249636088673,0.23301553106217504,9.535212151298268,3.0163659981314552,44.26764728003803
2026-04-23 10:38:02.232311,69.39194818881991,31.38722812858456,49.796368892221906,0.20341281955078055,-0.3248578303485409,10.16252958304142,2.369697824371167,46.270594878671524
2026-04-23 10:43:02.232311,68.79018788901081,31.060953300685707,41.752648670838624,0.16200428930079253,0.10663929543903537,9.978037392766996,3.5433703159298378,46.11238213784047
2026-04-23 10:48:02.232311,68.12470429509968,30.700692715932433,42.848631374535245,0.18862349909398574,0.02637105118395735,10.446767053368827,1.494980968787192,47.96455204235355
2026-04-23 10:53:02.232311,66.8337016309901,30.006821960406658,54.82701960745874,0.13149595481310133,0.13634527116804454,10.07885371816911,2.7444121121543237,49.581433665235544
2026-04-23 10:58:02.232311,63.78988080683151,28.378114852854747,66.85248126255443,0.11508512164193228,0.4955842856412096,9.723933692746032,3.2409282095498693,52.359435289600725
2026-04-23 11:03:02.232311,66.97300064780407,30.07044276670611,54.57948828981888,0.26823102071890254,0.10955096571305198,9.652321834284207,3.6347086937464144,43.40971633896347
2026-04-23 11:08:02.232311,67.80513413488026,30.508911291812748,51.49902052433434,-0.36119478597544397,-0.17466347301968224,9.645761758612688,3.647910374502128,49.2854934239174
2026-04-23 11:13:02.232311,63.720963567205665,28.325350987718963,41.47894396497039,-0.24502089176967465,0.09623605070760688,9.975896960507077,3.6246546853337334,44.48000538829574
2026-04-23 11:18:02.232311,68.09741606710932,30.65412298633357,62.62283183652855,0.0976645306259167,0.37851507220298025,9.777341594686368,3.0814414674191815,47.66191418441258
2026-04-23 11:23:02.232311,67.69250441203152,30.43283410229142,34.08004436798957,-0.20060944916696877,0.018403809977577557,9.640003356491732,2.891618739341963,44.59900697232862
2026-04-23 11:28:02.232311,65.96417441568248,29.505722102904592,44.94355528283185,0.3892421231658486,-0.006468903135808019,10.313568726397698,3.043951640166806,43.48616508034918
2026-04-23 11:33:02.232311,66.39159248273639,29.728342403999342,57.64811796327801,-0.10769083018088131,0.01495158478786411,9.967855977621758,2.0830345375843606,46.74954958656368
2026-04-23 11:38:02.232311,67.76145091621751,30.453597567188613,47.160058473138044,0.07511183051621434,-0.1814622939243733,9.9837228079132,3.6784917205815817,49.11909930969818
2026-04-23 11:43:02.232311,69.3191391942879,31.279028647492147,51.25808124040861,-0.2853019163074207,0.39793147321495576,10.180662930885969,3.375401077377504,46.03372384860794
2026-04-23 11:48:02.232311,65.71101438572796,29.34935941492618,55.38458654508699,-0.7091143947563209,0.017662931670420365,10.44528294318792,3.3983984510774055,44.79883616849543
2026-04-23 11:53:02.232311,68.13092308543379,30.63464138676863,43.77414338408036,0.023900302440118256,-0.0029449997930382312,9.94486647896977,4.564123208605677,46.29114758809342
2026-04-23 11:58:02.232311,64.64774917054476,28.771612630827136,42.61537057433412,0.2850708869035391,0.1736458747242341,10.130854889628917,3.772559288264845,48.223484034852824
2026-04-23 12:03:02.232311,67.44307542221495,30.257117297050577,84.26881715922558,-0.4122570026739227,0.11254050109828281,9.666445317443053,4.049558157329835,43.09126335678148
2026-04-23 12:08:02.232311,69.32140805564381,31.25355870021196,50.52883188373092,0.3436735002234827,-0.08557317301611808,10.253595714829748,2.410172978274073,46.47906924609837
2026-04-23 12:13:02.232311,67.31702658551455,30.17921924814236,52.658322955113,-0.14773305932424954,0.15733445677393618,9.896029686179677,3.916702718327716,42.25425107493058
2026-04-23 12:18:02.232311,67.93810235674435,30.505123658130927,58.41347542494468,0.29876232719750706,0.1082782759450534,9.822285070159866,2.4434859444644865,47.382836060888664
2026-04-23 12:23:02.232311,66.07550762212782,29.50640379833477,54.087296537276444,0.16647940508081732,0.060137017402214395,9.940440135666213,3.7309966486291444,45.39752786047433
2026-04-23 12:28:02.232311,68.55154838526971,30.82162287067645,49.317051096640554,-0.059447241886154904,0.00903856773406265,9.543241002808081,3.7345807925735652,45.97886782603584
2026-04-23 12:33:02.232311,69.27407131829081,31.201632433620357,40.70719698125655,-0.48155649198817335,-0.5884732159916733,9.775169239089694,2.9416632053411185,48.20865210816927
2026-04-23 12:38:02.232311,68.53531539362274,30.802293272463395,44.33200840677123,-0.32279442474980646,0.11832702545239607,9.746558214798753,5.283322595989171,48.679651490965725
2026-04-23 12:43:02.232311,66.8968220690004,29.92309416466414,62.751841983527946,-0.03391258943778361,0.10749526123717927,9.993440598375749,2.4435323860710354,45.79923628495873
2026-04-23 12:48:02.232311,66.63434878743612,29.77777241316253,52.534507727841934,-0.3784094471108006,-0.2902894484750742,10.07734305345809,2.020695731113236,48.09123179907248
2026-04-23 12:53:02.232311,66.38965385237154,29.64193244646075,64.40389430508958,0.28961906574408525,-0.24638617004983185,10.107961663751738,3.792326773790922,47.038391661316304
2026-04-23 12:58:02.232311,69.24567528480401,31.159807875757405,47.534710022848024,0.08398466141864991,0.38055431190727723,9.627157857193414,3.3673670417005575,47.911070972545154
2026-04-23 13:03:02.232311,66.90572175814435,29.906496660204922,45.49788659830385,0.208809801462881,0.06705687511938081,9.392200386518176,4.284811452262173,48.30493760975859
2026-04-23 13:08:02.232311,67.02985081710236,29.967362823648518,56.70699491052113,-0.08770659821475367,0.3945695572453992,9.648058469770435,3.831085667391838,46.08158092718753
2026-04-23 13:13:02.232311,67.96329633799908,30.45986443345944,57.57492693031239,-0.5213105631831844,-0.11455378885577157,10.072994180812259,4.7703851850125645,46.6955956660521
2026-04-23 13:18:02.232311,64.99793058266681,28.873000029281567,48.054399498177084,0.17151143407326513,-0.05215254606278983,9.667267660067782,4.09461088046853,46.46972644383218
2026-04-23 13:23:02.232311,67.53661587297547,30.221629516112188,51.47529116101193,-0.010135665349348623,-0.07603976228414602,9.921581792219122,3.3409648603858555,46.848234006100434
2026-04-23 13:28:02.232311,67.72154208993372,30.314920830489246,60.092789894201566,0.23064510761292042,-0.07343500844077046,9.833680405708119,4.094197637082411,49.38766052738623
2026-04-23 13:33:02.232311,66.55132091809814,29.68546687084294,50.05335952084911,0.1559772730061205,-0.22563445366345838,9.753697146541922,2.802149323091973,50.56996035959497
2026-04-23 13:38:02.232311,64.86372936899595,28.780082043321094,45.858233652854835,-0.4065845986313447,0.15153798480472616,9.798007803199365,2.824156429928742,47.8490750473946
2026-04-23 13:43:02.232311,66.35181021102537,29.568389157736128,53.20896878867992,-0.309077749915068,-0.2546685256611106,9.90027904300095,4.288078281214268,47.174052200304935
2026-04-23 13:48:02.232311,66.99147092054139,29.904205534810675,56.34908957429437,-0.3619119292015153,-0.4003527905388282,9.843993317940487,3.3605438265907,46.973465163562935
2026-04-23 13:53:02.232311,67.36739601642975,30.09936291795046,40.092578512188844,0.5860593891865742,-0.1441473772186058,9.199966921841883,3.1705878638900473,49.85024234128366
2026-04-23 13:58:02.232311,67.25806068667637,30.03571474074799,45.48568377635248,-0.05111727873661693,0.09101513046454197,9.40132944546306,4.878369303812757,48.65017535503943
2026-04-23 14:03:02.232311,68.42691871176787,30.653769686129454,47.19807330672158,0.004607546065508214,-0.13391781591059465,9.853661205104506,2.4329061139479977,44.82486122777326
2026-04-23 14:08:02.232311,67.67827339975995,30.2491561850579,50.79013425098579,-0.19397569998168465,-0.02100608760423103,9.68891791931545,2.8526124868304032,46.635495496480225
2026-04-23 14:13:02.232311,69.18491118702092,31.047360336929753,42.400491060752806,-0.1333438272336902,0.1472367550024349,9.889815996222016,3.224041133686547,49.898704489781075
2026-04-23 14:18:02.232311,66.92146726786248,29.834854245377915,52.76090625866372,0.10748691894028235,-0.17137279352481066,9.537854792403731,3.378559088661882,48.25800884503763
2026-04-23 14:23:02.232311,68.17574918740384,30.49846860113264,52.46744385501034,-0.21705723841086041,-0.0532147515150054,9.740301601507495,3.6911074959116283,45.247334912187036
2026-04-23 14:28:02.232311,65.79765790724221,29.224817250379104,42.18895041926346,0.019065655020792965,0.23205202761134325,9.953704565029206,2.8762937561297006,46.73841353709029
2026-04-23 14:33:02.232311,67.38577093601828,30.066474864392337,51.40465274980848,-0.15458885964497432,0.03347898988917233,9.48710134112234,2.532784339550014,45.25689400086998
2026-04-23 14:38:02.232311,66.13825144580225,29.39579513494313,58.39746826367703,-0.07439301951727738,-0.129019999546953,9.656101243230122,2.7710857295144242,50.56603058273039
2026-04-23 14:43:02.232311,67.98577656379753,30.375805863206608,36.701493113159486,0.22470602576204235,0.1666782551135259,9.50548366111395,3.0778609772531196,43.33806088332494
2026-04-23 14:48:02.232311,65.63474985586315,29.11658895097427,67.74876637045513,-0.02694137232377709,0.14163846038637345,9.663061794727776,4.718231030091742,48.541655569827626
2026-04-23 14:53:02.232311,67.52921075556394,30.121632096147355,54.51401526324768,-0.004080805537577402,0.12144269240372273,9.901789907982387,4.521613931312391,48.49796225982711
2026-04-23 14:58:02.232311,67.20181122936884,29.941683014175975,55.65754541852964,0.23913584577084865,0.09602806393306502,9.12206299201085,4.227230887434368,45.07676202230343
2026-04-23 15:03:02.232311,69.1658378768053,30.983827891474746,54.82101142716393,0.062468946261631575,0.2391888907438024,9.833218214718825,4.063901188175875,48.873568650577084
2026-04-23 15:08:02.232311,66.82371585633639,29.72936014589066,63.829810152317165,-0.0581193675160288,0.0712065896875118,9.678103202879713,4.766116419926428,44.300216587110334
2026-04-23 15:13:02.232311,66.56542426787544,29.586268630710826,70.16515468022789,0.1181075579966439,-0.3318619844942359,9.722695544345186,3.018197840450166,45.149409711761464
2026-04-23 15:18:02.232311,67.60176914904396,30.133649899333363,56.864519144607456,0.017427036149213464,0.12507273278439213,9.675083762158351,3.460315103647291,45.95079818977652
2026-04-23 15:23:02.232311,68.48724665945743,30.600568570219885,45.406227759013646,0.14997321175422024,0.09588339974762099,9.567431810453423,1.964884774164344,47.03896458644399
2026-04-23 15:28:02.232311,68.00592121383137,30.338525664551987,52.855109204609974,-0.2559456951631918,-0.23005074767142122,10.012588457666004,2.780499719633726,50.5746964529305
2026-04-23 15:33:02.232311,68.84171413046933,30.778945885424896,61.52805583271203,-0.3498031504440062,0.5293166103306318,9.763951176997558,3.410699181352527,49.779588105895115
2026-04-23 15:38:02.232311,65.94425849923294,29.228300214098155,39.336798388286056,0.02461224168404919,-0.02094699813621895,9.640603473663397,4.081773015618921,46.04143342899685
2026-04-23 15:43:02.232311,68.89914596194572,30.79890419287764,64.68996285882709,-0.20384228603979426,-0.06685609792376565,9.273978986205666,4.038220783245889,49.326501747270456
2026-04-23 15:48:02.232311,66.44351076275149,29.48389608530671,55.588990880828675,-0.11001184014879643,0.4147382642966412,9.126940613438308,3.5259226358783886,48.22527928606809
2026-04-23 15:53:02.232311,64.84246369619852,28.624668315144465,45.171076775063966,0.38177852099341053,-0.5461195684260177,9.918112522311448,3.6702472205846592,46.09110646564548
2026-04-23 15:58:02.232311,65.22157296331824,28.821523922940976,53.796902196049395,-0.09764084884873188,-0.3264998139799918,9.243949423229,3.156104461535476,48.331204955606765
2026-04-23 16:03:02.232311,66.11180504515198,29.29097836525164,38.4805483166169,0.025682211781186452,0.14534683761706885,10.132148898937771,4.743994450428556,47.1901859537362
2026-04-23 16:08:02.232311,66.97685226025703,29.74700087864034,49.278368476820276,-0.02460266892275828,-0.028316672516403456,9.948182241113056,3.7046844780376076,46.05911750565948
2026-04-23 16:13:02.232311,65.41686327871,28.909670753814577,49.50294242196589,0.26895529438549065,-0.23005213523145307,10.091154225360823,3.900079261245175,45.01615965084069
2026-04-23 16:18:02.232311,65.5840902934093,28.993522493653543,55.9921516267741,-0.11811999302043483,-0.354635716868795,9.815004035823764,3.434465333581061,47.41983697731326
2026-04-23 16:23:02.232311,69.45059245306838,31.05032097747105,46.129027567306544,0.03372773458108001,0.037169653052198215,10.101919631514468,2.6012414436956126,48.42016140521291
2026-04-23 16:28:02.232311,68.20937890783426,30.383004418678855,54.49097935023384,-0.059295245909786874,0.4402247907503931,9.506568724846922,2.1067688687593265,47.84300967015066
2026-04-23 16:33:02.232311,67.17218805057485,29.824499960139836,55.4479635730639,0.07881217877493507,-0.18981611846396887,9.276697356369098,3.8514573985851275,46.536548892437956
2026-04-23 16:38:02.232311,67.90494482555773,30.20996757213004,31.327757336840605,0.020998901252368612,-0.3007641250952037,9.690970929075206,4.758152621484623,43.83258672254719
2026-04-23 16:43:02.232311,68.3621781881133,30.448489364159016,47.70818036430022,0.39241045325745316,0.6660667551087102,10.211888911097155,2.135759331918871,48.869120865099895
2026-04-23 16:48:02.232311,65.8346069632693,29.095115376241537,46.11065453688345,0.3113706192583088,0.17715978061134408,10.031133884842468,4.125257054830699,44.08937594118635
2026-04-23 16:53:02.232311,68.7220785943748,30.629764244830476,43.687886904846096,-0.07027041095707157,0.40975338644959935,9.979040205423876,3.700350276705506,44.98270075080861
2026-04-23 16:58:02.232311,68.36536937711989,30.43418332762719,49.05121922261179,0.1307341517299158,-0.033067887795111946,10.181925105361799,4.4999723545065535,50.063752265745116
2026-04-23 17:03:02.232311,66.43909719156763,29.401502160665313,44.07079901147436,0.07271935862211548,-0.12537787344545004,9.770706943629412,1.8774601178286456,49.62105196026539
2026-04-23 17:08:02.232311,67.96389771995065,30.20939310780226,37.60475281477771,-0.29753827948884387,-0.09737578737344167,9.466718649158256,4.782991460789595,44.11504072086551
2026-04-23 17:13:02.232311,69.60352231670788,31.078523558072114,54.112721798974455,-0.0302500358550054,-0.1496182478611856,9.912471048818004,4.174469917248327,47.439928322851934
2026-04-23 17:18:02.232311,67.6982521298362,30.057043457073224,35.66750353630765,0.07052740221278005,-0.32174794793998823,10.102358550588722,3.377858807137451,52.725735729144354
2026-04-23 17:23:02.232311,69.87044318606219,31.210209352393083,41.897060107726865,-0.2852758475133102,0.08466305394030771,9.780163817546859,2.4614794409178455,49.892068874949814
2026-04-23 17:28:02.232311,66.18995349399526,29.24194551529005,46.09093093385808,-0.0690393488824021,-0.4545830669051621,9.859513286316925,2.1098526056661124,48.81039384552181
2026-04-23 17:33:02.232311,70.33851479585164,31.449175541612785,55.82754302599049,-0.03422062579685518,0.3242853824400806,9.980069301393334,2.4922155994291137,45.2309646764864
2026-04-23 17:38:02.232311,70.5687642198128,31.56663923305807,54.23764219682836,-0.08644590217050391,-0.03544046817526217,9.901248047668501,3.9668361016930174,43.70406045475406
2026-04-23 17:43:02.232311,67.64528151869006,30.00211245779194,56.0915885435298,0.16298294220990153,-0.30764716451272284,9.73412689768868,3.335704164637609,50.04208052438449
2026-04-23 17:48:02.232311,65.99783396745984,29.118137762468496,50.509098166886126,-0.08581063774956929,0.4954005588322569,9.435414141765294,1.9887583753039983,47.057763345346785
2026-04-23 17:53:02.232311,65.74903801502253,28.980110586501258,34.1728403747666,-0.3532301540233018,0.057170400006535206,9.65816760746919,3.430852189685546,49.05255438775942
2026-04-23 17:58:02.232311,65.95161607499271,29.082816217151354,29.069248828314432,-0.015155746770432181,0.06102666861848013,9.694291987429866,2.784069765029076,44.31831981808646
2026-04-23 18:03:02.232311,68.16906636937642,30.260120372822,44.95228823945897,0.30222148769547846,-0.3205221549791386,9.439191448344385,2.8097273586423617,47.753622155235114
2026-04-23 18:08:02.232311,66.21179062354007,29.210903973708614,42.067139319703806,-0.11242578294765182,-0.07480716388840876,9.448930347670766,2.912946280922251,47.81389651470532
2026-04-23 18:13:02.232311,64.7003527894259,28.399467794180396,53.11794103409148,0.39267061492743366,-0.3219708114329435,9.983788992051233,2.4222733159046697,45.465258165120304
2026-04-23 18:18:02.232311,67.69602788235012,29.991825175739304,54.038548573016,-0.16556830446416268,-0.10694866408748942,9.85388209273477,4.494763141375429,48.2509362185595
2026-04-23 18:23:02.232311,67.91601198746157,30.10381403046475,41.264668710175606,0.24143952323815943,0.041336649523853415,9.385395692163424,3.483819712655347,46.24899765171248
2026-04-23 18:28:02.232311,66.8064638110395,29.50671900170565,42.58562782966381,-0.021780593760324464,0.09333957586122012,9.849619301714553,2.6085399484611784,45.139999050007646
2026-04-23 18:33:02.232311,66.34398100486423,29.25472550374483,38.0543841769278,-0.1336658150539943,-0.07550568860499421,9.826461218727164,2.8970940883645033,48.78764664933906
2026-04-23 18:38:02.232311,69.97798775648207,31.18752643660701,45.69544196715002,0.02242270806048254,0.03296351558282237,10.074318629427868,3.288194112691847,50.01365176842117
2026-04-23 18:43:02.232311,64.14729685848457,28.072488623007676,42.26489166559666,0.017521978154702234,-0.19427297554311965,9.649838405441038,2.5099635508810376,46.68129745781317
2026-04-23 18:48:02.232311,67.05116842313906,29.61588412282274,53.01254343936839,-0.2761424095128567,-0.14713124568712171,9.471546986613923,4.8558407529882235,44.78866623211257
2026-04-23 18:53:02.232311,67.36364986338393,29.77720488961934,60.93266728781683,-0.03563278104474592,0.17403073001906127,9.77424930774122,3.1983213454811006,47.128557530062174
2026-04-23 18:58:02.232311,66.21746154403172,29.160568451297486,58.141634629503635,0.0195272630675276,0.3726890754479193,10.320943136308216,3.1528221020495506,52.31548354769431
2026-04-23 19:03:02.232311,69.7185651782425,31.02248772154258,50.33132991465487,-0.01823648798007325,-0.10453226322086391,9.665907514435148,3.5023719992220905,47.730043201883
2026-04-23 19:08:02.232311,67.0830811371992,29.611560231652142,52.67926014872451,0.0022860584757541497,0.05929649518138458,9.771479844264556,3.8408837944507495,47.70914755767828
2026-04-23 19:13:02.232311,66.48714065742901,29.288389307774043,49.565301164992064,-0.25595604883197814,0.19618323759237544,9.787691444557796,4.371245694354789,47.60744999014329
2026-04-23 19:18:02.232311,68.61755033276705,30.41927179995367,44.51866380123104,0.4617755043445975,0.07370895481842703,9.642450357880954,4.082038756204585,46.27319829534599
2026-04-23 19:23:02.232311,67.28758426156779,29.70462056064672,47.04848827091615,-0.04115188228962376,-0.04531701678515893,10.004729894963077,3.443776058598196,46.695484911779964
2026-04-23 19:28:02.232311,67.12439758678171,29.61225166609349,60.81931463423025,-0.028008888172646778,-0.44904845648244507,9.955581765909805,3.3990828137578033,49.621898857115795
2026-04-23 19:33:02.232311,67.65861303031255,29.891830567975926,53.99264743183923,0.08522128426334363,0.43008251277875614,9.469524391729742,3.9506305939002577,50.04018005351133
2026-04-23 19:38:02.232311,68.73001544375478,30.457909187144455,45.00992281224529,0.3922406144096389,0.34856955364912456,9.405653661648827,3.096534031107034,45.35898260498718
2026-04-23 19:43:02.232311,68.40815991647546,30.280916904594815,37.06442391782082,-0.03155404527054989,0.11322548016888795,9.754548385746928,3.6006239698929834,48.23300561653729
2026-04-23 19:48:02.232311,67.4496207805526,29.764360030768625,55.39975321915641,0.0510644413832755,-0.20079570638257577,9.995954599011563,4.24353116498088,46.10242255985424
2026-04-23 19:53:02.232311,68.74801094362496,30.45149878307322,37.65830660715221,-0.17062100439641575,-0.09193816619550167,9.759291763037135,3.478326596141434,45.13672635814476
2026-04-23 19:58:02.232311,69.5575250250628,30.877903625172724,48.741158438459,0.13286431236506935,-0.1813713737563081,10.219508529740347,4.220360153172624,47.433174637433005
2026-04-23 20:03:02.232311,66.76132427294148,29.381260556040694,62.47637479145324,0.11229074783120016,0.30629192127706983,9.96350912698447,3.3902671801725983,45.06470756470153
2026-04-23 20:08:02.232311,68.87738209917426,30.50448872869751,43.13621286430172,-0.018283634774921093,-0.057658872058714936,10.046942150883469,4.458238910489196,47.675331289327296
2026-04-23 20:13:02.232311,67.70454244422307,29.87363824472287,53.27815670927729,0.2879774878288355,0.29835216734123104,9.815954517691734,1.8934213385754128,49.3636225698054
2026-04-23 20:18:02.232311,69.85623753030563,31.01587295596624,55.5863097028689,-0.18653425387930087,-0.32223552478338946,9.369509669874725,3.3168413896777533,51.34724833525763
2026-04-23 20:23:02.232311,70.14136021288294,31.162602385340143,39.41938596904373,-0.13521157930574423,0.16341857751036193,9.693544002928396,5.342809660103041,47.78999966958005
2026-04-23 20:28:02.232311,67.93617777666232,29.98116908468847,57.509002097102744,-0.15896149771020068,0.1594358091312978,9.639931624870831,3.1905468561653105,45.76432851190749
2026-04-23 20:33:02.232311,68.76493911737082,30.417839131732336,49.99312677764773,0.07618906018361313,0.3097411506448225,9.339423026735886,3.9024089124857535,50.558612867563355
2026-04-23 20:38:02.232311,67.24230953034446,29.600434017317607,35.59295124520873,-0.14680941458297211,0.0011901248834537202,10.073529179542788,3.1900476916565608,46.43324554580631
2026-04-23 20:43:02.232311,70.37644558797673,31.266637246720823,44.24441605097873,0.2582676968260438,0.2510838261529728,10.027852567360442,2.4804807344785833,50.89114236884765
2026-04-23 20:48:02.232311,65.69978294599593,28.767081169663733,44.055579357092704,-0.01105778739704797,-0.16746045527924397,10.026649559469602,2.3656704005280265,45.43864284867517
2026-04-23 20:53:02.232311,66.16691089258046,29.010880073174814,54.10870673116406,0.019598971631155863,-0.17757680471479556,9.36881679079638,4.412801864921719,45.47543279060475
2026-04-23 20:58:02.232311,67.94941754889153,29.95621428854005,54.60082184935486,0.04925269135796383,0.12909264248618585,9.6937813477825,3.297667972309294,51.055824551838484
2026-04-23 21:03:02.232311,69.49189788504899,30.773534466490016,60.7696819005149,-0.0402583400901409,0.12426650847602852,9.647186699908518,1.7050009863496007,49.61342261156797
2026-04-23 21:08:02.232311,66.21110115164758,29.018440207341943,49.518806246533195,-0.2873463278824123,-0.007664254389405496,9.369112719589,3.1811389530795013,44.298738750321476
2026-04-23 21:13:02.232311,71.59660382905972,31.88537230062775,42.42241477255252,0.07292419997459339,-0.03890877326826513,9.628575302275358,2.979073357815998,47.77618387660784
2026-04-23 21:18:02.232311,67.49357372364011,29.69175357640329,38.831095339169735,-0.06981132357593424,0.09262973704816324,9.525901595038192,4.039780921053603,48.41485325509572
2026-04-23 21:23:02.232311,66.25653194148636,29.02666195792062,57.56598470731615,-0.3683774719028412,0.03024888082017815,9.579202298287884,2.7330912605383753,50.664477911211655
2026-04-23 21:28:02.232311,65.53740738145459,28.637792857903005,63.461898875773606,0.0010870521666901593,0.40062134533267263,9.826349921644352,4.806928600064444,46.95864021202881
2026-04-23 21:33:02.232311,70.13075072997054,31.082239975777515,39.11409988171352,-0.1566168407932001,-0.26966898379816756,9.279652565578766,2.84506903482815,47.543166992725055
2026-04-23 21:38:02.232311,68.13018458392672,30.009935363220148,44.0407754948957,0.3704634621230891,0.13332623596798343,10.100652637430596,2.7852854029990466,46.176538570185905
2026-04-23 21:43:02.232311,67.5724981434895,29.70716659365296,44.099008337999294,0.26197960465337955,0.24600801436849798,9.774515887179334,4.352176993861094,46.396428625756776
2026-04-23 21:48:02.232311,69.05765952657535,30.493916663298084,50.86255304692438,0.2510727054345091,-0.10727544368033329,9.774530072270938,1.1495965512334614,49.14026072808161
2026-04-23 21:53:02.232311,69.3805721425526,30.660800723818607,40.66196490301178,0.30268977991859525,-0.10743601267700825,9.421039992334768,2.97982565138666,46.670926296633056
2026-04-23 21:58:02.232311,67.93559242458188,29.88480887290023,54.66912704478271,0.08357570144058113,0.13454991107305714,9.957527612576774,3.498221112298854,51.003229849838135
2026-04-23 22:03:02.232311,69.95348493063354,30.955682208127115,45.56545799761515,-0.21027194943905014,0.11912820223595756,9.799321586754335,1.8465955335939623,50.56249008767591
2026-04-23 22:08:02.232311,67.84603307210395,29.826371882244,53.49763144775094,0.39599584487874107,0.1870210342476942,9.475025030068707,3.4826083395343175,49.66186197580564
2026-04-23 22:13:02.232311,67.62276077673606,29.701957323380462,53.81116052673226,-0.5002812338638257,0.6933951779118855,9.244729818681687,2.7012046138940513,46.701957262116224
2026-04-23 22:18:02.232311,68.70533193119768,30.273992604425985,57.08362242985441,0.2937218929927286,0.1643513662435833,9.505017489165558,4.64952882624256,48.67322990338821
2026-04-23 22:23:02.232311,68.68592383917567,30.258305620680254,46.02127317202702,-0.012929539461372696,-0.31840407489090267,9.872715561461279,3.5141757758285252,48.11947735062262
2026-04-23 22:28:02.232311,70.20474965448365,31.063010054177173,40.34779782916138,-0.2324142980992693,-0.2507444218997277,9.79596618965142,2.3662839097300283,48.08292728254328
2026-04-23 22:33:02.232311,69.14658327471135,30.493318650297947,57.84598728968567,0.16940238798445933,-0.3850148161571803,8.916721898551424,5.563675806368957,47.814121969958705
2026-04-23 22:38:02.232311,66.33460320268411,28.988259943882753,49.288235224215825,-0.16340388227927283,0.0356861544426636,9.531984661698068,3.9354008951138097,48.058406978642196
2026-04-23 22:43:02.232311,68.12340751183262,29.93695290742796,59.21366266913808,0.06897776468084017,-0.3498781202622044,9.786358590060082,4.636019513740578,51.64639352872743
2026-04-23 22:48:02.232311,70.66999824848547,31.28979863230881,46.13236417189886,0.13221465678759425,-0.16146030411081835,9.006059641320492,2.9435682189474037,46.864094041179946
2026-04-23 22:53:02.232311,67.1681831240598,29.416827897947783,56.204051882985766,-0.055637974925417076,-0.07855289291786405,10.018980565975841,3.864190306722389,50.988171421733554
2026-04-23 22:58:02.232311,67.94962349707468,29.828260095555052,66.14225409248368,-0.34764815278572236,-0.3879409642559872,9.960480377819481,4.371839814936282,49.83565413124468
2026-04-23 23:03:02.232311,67.57956188997282,29.62555790376673,49.09901891893387,0.03507702294350206,-0.02815573413812401,9.873022421216676,4.251519959916762,50.9246914396317
2026-04-23 23:08:02.232311,69.38120513721358,30.581098300961138,49.310152583785076,-0.040233444010121085,0.06964485983158744,10.271900586919338,3.916984332203751,47.76025123999902
2026-04-23 23:13:02.232311,65.88048896000228,28.7087136717811,66.13421768535112,-0.012854431488255338,0.3044399225051441,9.590032286030702,4.083357880314209,49.49276660783783
2026-04-23 23:18:02.232311,69.92863920710525,30.86239113556869,58.64956071274258,0.06617507512067054,0.39236473128353555,9.463356628842009,5.128471370489604,45.594467749807016
2026-04-23 23:23:02.232311,68.48739799478253,30.08839315432924,46.31248226842818,0.01325968324407865,0.11896149251627304,9.737966148475467,3.810844114126269,47.30404739159033
2026-04-23 23:28:02.232311,69.88628639709722,30.829130967563074,49.42654299456,-0.08645378012748559,-0.37385368066120944,9.029413868326268,3.3002096824027833,48.9454855823365
2026-04-23 23:33:02.232311,67.59130048666594,29.59980248066572,45.189935138353974,0.19363615134512738,0.3071406026654907,9.848064938871074,3.8578768854729173,55.108524800458895
2026-04-23 23:38:02.232311,65.35949098260437,28.40416807716555,53.691966117394294,-0.024670451959941546,-0.28974810944525525,9.732614701353121,3.397754005530472,49.703599631515274
2026-04-23 23:43:02.232311,66.86859518163072,29.203687648645605,39.19237809404949,0.3811176165910194,-0.31458611378901913,9.976278585619696,4.446941256900336,48.81449829979108
2026-04-23 23:48:02.232311,67.55717561638608,29.56559454584779,66.92039875479193,-0.36185131715236496,0.2518086425925277,10.110350727876638,3.806263583037503,46.77766731840379
2026-04-23 23:53:02.232311,68.73625979954623,30.18910344219921,37.63858634957972,-0.32127865581904114,-0.23771550875424444,9.930816831991077,3.127470091754827,49.32979841610705
2026-04-23 23:58:02.232311,68.96653021391869,30.30657832853052,42.44754372218242,0.17947059239715754,0.008987726497271828,10.171625286215708,2.2833815688351358,50.014637735229975
2026-04-24 00:03:02.232311,68.02078660848954,29.796845737634314,48.017917209908234,0.0759956026636868,0.21386460234876264,9.799023305186408,4.064561909626345,49.58929109005218
2026-04-24 00:08:02.232311,70.26556315372387,30.98872389375862,51.105053384293484,-0.3026084666370435,-0.09781862836328564,9.725518987349464,2.2916462039267627,46.206410267621266
2026-04-24 00:13:02.232311,70.08419613148959,30.88665881389967,51.027469279823265,0.023743162330509396,-0.003693331487976506,9.510637177206133,3.3713591169161736,48.91534245844858
2026-04-24 00:18:02.232311,69.28339892331299,30.45423096820481,56.27065600469383,-0.1631119945651521,0.15851926862212462,9.611066163500016,4.598139841961229,48.74381799559654
2026-04-24 00:23:02.232311,66.49589383673182,28.962225587360866,53.97442060768769,-0.0718216725088748,0.3911149123147782,9.849285786574935,3.3121466227619014,52.386171370406146
2026-04-24 00:28:02.232311,68.93645458416596,30.258521984658394,42.80924834577239,0.290872536815067,0.35463287583691744,9.625950131511948,1.2179678090893837,49.34358684370283
2026-04-24 00:33:02.232311,68.77479135763491,30.166965595841173,43.569801953254505,0.18504845226393368,0.16028569102418092,9.687228018412085,2.848971352223191,49.38335346445822
2026-04-24 00:38:02.232311,67.20329583226787,29.323498647644744,46.0148679140459,0.2973607625376172,0.38627906614750684,9.81881099049898,3.9731880314964827,49.44311079235317
2026-04-24 00:43:02.232311,67.58461398621164,29.521532328414093,60.132499033045654,0.05142125931965615,0.0748475880129858,9.52626351202135,2.4423097917401573,47.56789805074996
2026-04-24 00:48:02.232311,67.75389987121606,29.60648213241579,49.46989395154657,0.06954349102635925,0.15091120557036233,9.668086193701257,2.630235808916548,49.08487052205536
2026-04-24 00:53:02.232311,69.31258039536169,30.432442410626113,52.78449210907917,0.24034155367118726,-0.14820061644184407,9.54033396438243,1.9459831144317734,50.61734227728567
2026-04-24 00:58:02.232311,67.24868752468409,29.326363544930732,56.40211365366197,0.23266660745772078,-0.04732527601987722,9.821198123068587,3.9179527975172896,47.48469944098207
2026-04-24 01:03:02.232311,68.50363234512882,29.990331447833917,46.5889696795598,0.14515784728065584,-0.17908519201887754,10.193419584611705,5.025492735512032,49.51957459660319
2026-04-24 01:08:02.232311,70.58591895053816,31.095548302718235,38.70499296781142,-0.03034508337539492,0.19384663413555114,9.783688216666317,4.3985921961766845,45.90808466025591
2026-04-24 01:13:02.232311,69.97144194195951,30.762491230142288,33.86967522970775,0.11745043009056255,-0.03040699656897204,10.112999437773816,2.1045238056864783,48.782624150611326
2026-04-24 01:18:02.232311,69.93211984355443,30.736183442992242,42.99367116291562,-0.14468360718093332,0.01009340076009332,9.934389869062471,4.177452393605329,49.50545279137837
2026-04-24 01:23:02.232311,67.65319036300345,29.515418385364384,41.767436703536404,0.30141140243233966,-0.23899831037652905,9.825519293454335,4.507848675368505,46.77135121277452
2026-04-24 01:28:02.232311,68.52174703894308,29.973312611198182,57.230895949450776,0.4032068923112991,0.12015728957928881,10.611214483599928,3.3185747477879146,45.28530963555751
2026-04-24 01:33:02.232311,71.35312487473455,31.47804478895297,43.55996567261025,0.20017671182235308,-0.05342165644666683,9.834109989820977,2.742186252444842,47.83445496958006
2026-04-24 01:38:02.232311,66.32814998950124,28.792722182161214,51.13542173468513,0.0848229876515306,-0.11285423152140905,9.493108747981301,2.6313783957356374,49.54155524455677
2026-04-24 01:43:02.232311,68.888359547571,30.15283127846441,32.7683922876073,0.08283483265625205,-0.3292005287728786,9.69202916261079,2.7394602593044475,48.91676102033489
2026-04-24 01:48:02.232311,68.3342395135832,29.85196459233692,42.900024346840944,-0.06797477613404075,-0.11519059974679662,9.98652861772659,2.776679347125683,46.35870751506437
2026-04-24 01:53:02.232311,66.99037041647208,29.129898405876986,54.54972727780593,0.02079840762567038,0.23540354388313028,10.059612623326196,4.284006704084511,48.731626033398975
2026-04-24 01:58:02.232311,66.01662884437071,28.605233566088927,70.7816154631372,-0.15437258172847398,-0.11530712654763606,9.941871265166832,3.515152855998869,50.716899259540085
2026-04-24 02:03:02.232311,68.52731856869688,29.93893208439555,53.33028372878718,0.38797065547722603,-0.16680437336419632,9.912346575112995,3.677419050699,47.013501775342164
2026-04-24 02:08:02.232311,69.3044553147428,30.34806901428603,50.00426452713929,-0.12191078800853072,0.04836165662150156,10.27708063548716,4.127826261085012,49.03031691086887
2026-04-24 02:13:02.232311,70.36690138638784,30.909370917829396,42.4805123826187,-0.0381771556259877,-0.11564664772964021,9.655285037351362,3.0636998692404678,46.65733410671381
2026-04-24 02:18:02.232311,71.0311668766232,31.25830984462092,45.613599538013055,-0.34323775934429224,0.08721634066664402,9.414780769602146,2.283351617144903,48.7601458485849
2026-04-24 02:23:02.232311,69.2148822720727,30.28428872085998,64.37376220994804,-0.08119626104364759,-0.23564997136682872,9.745021879515699,3.562138444234373,50.335957038091586
2026-04-24 02:28:02.232311,70.32260854846047,30.869740066932792,51.479285763517794,0.3944892205294913,0.07348226674476961,10.127767625588948,3.5842228288183997,49.99863185094371
2026-04-24 02:33:02.232311,70.45841055900168,30.936831804554103,46.75406652833227,-0.17631723715204928,-0.15692723401041112,9.224029427464757,1.9400509999482018,47.24166877503058
2026-04-24 02:38:02.232311,67.37397822795994,29.286465226664507,51.442325041514316,0.29551328662598814,-0.4031140790873328,9.91788268270724,2.3918883697189517,44.85866385483968
2026-04-24 02:43:02.232311,69.42870981587555,30.376986072218838,61.080066150128246,-0.09188950681742732,0.5030514144218937,9.847821019384167,3.202736146218609,48.616231621767355
2026-04-24 02:48:02.232311,68.40440943414936,29.825356533964197,50.55344704329305,0.28073998632409836,-0.19943527989732843,9.39796805083547,2.297452308441454,50.9468936875137
2026-04-24 02:53:02.232311,69.08573438792142,30.183393841308632,54.834463699825626,0.1579694199646738,0.18585551321493954,10.333553352116702,2.9208514265980026,46.83907218200101
2026-04-24 02:58:02.232311,69.86422019880175,30.59325027244414,32.982012855494034,0.3903669454670809,-0.34426036756512857,10.061840800452043,1.896145408756084,48.13859545212909
2026-04-24 03:03:02.232311,69.39046633357395,30.33524554298865,53.25442902223291,-0.27712070128575567,0.0798583980516978,9.637440908655186,4.4329680808092675,46.578940962300265
2026-04-24 03:08:02.232311,67.12076904302944,29.119404320030917,47.34503713407637,-0.0627414884017003,0.042268036567423936,9.806356105142571,1.899209964774288,48.37171652112818
2026-04-24 03:13:02.232311,67.68227110216566,29.413536083569557,51.40024082784502,0.11866497407440216,-0.05502701399723996,10.020078224663173,3.848935794003933,47.10811120500953
2026-04-24 03:18:02.232311,68.87408274768883,30.043832959847922,63.78337038189435,-0.3036760168612228,-0.28803647383779923,10.000930249345059,4.19135025088893,49.21780438782444
2026-04-24 03:23:02.232311,70.55725659157861,30.93618967525513,51.09068683572594,0.14402025655050732,-0.0651501913706849,9.774574751167888,3.9855915326815694,48.87583751917877
2026-04-24 03:28:02.232311,70.35412303857196,30.822515778984247,48.88545803812056,-0.15634242730818826,0.012837884000285137,10.092030208452096,3.748757247834999,46.77122470909533
2026-04-24 03:33:02.232311,70.67059946654646,30.98596720590332,45.8427952712052,-0.004369186254158277,0.07094284812972507,9.876512950610039,3.023889863437007,47.12751878695503
2026-04-24 03:38:02.232311,69.92500178934715,30.582979110063018,58.964875316525394,0.0729853484055759,-0.47498651086126753,9.648475940247016,3.1962791580890006,49.600620531415444
2026-04-24 03:43:02.232311,67.48953565864254,29.278727839019897,47.501074877771366,-0.06614208680028394,0.04355603809050233,10.27860990099774,3.2653493294325715,49.074549301000985
2026-04-24 03:48:02.232311,70.30626218982978,30.77564598765242,59.831292415723375,0.08685241942993924,-0.3314995562890308,9.855358941474204,4.4050550731665865,46.765671358357984
2026-04-24 03:53:02.232311,67.06963603922826,29.044109372664273,55.39818134932429,-0.3034980572577081,-0.3231309564545171,9.580349212458842,2.646909288709241,46.213095596298245
2026-04-24 03:58:02.232311,67.45629414635081,29.24499102846231,46.895915708284036,-0.5401125299227303,-0.13079557421425778,9.927129926716347,3.512535759048683,46.910960472436514
2026-04-24 04:03:02.232311,69.51765873739811,30.33904947568686,55.23351492290596,-0.29267635474217646,0.04227644225195032,9.355268147131527,3.1812607293440287,46.50269999510483
2026-04-24 04:08:02.232311,65.68053229411584,28.287246037935653,56.43166555338618,-0.057278164110432704,0.0035027810575470534,9.49281470231169,3.875845755798901,46.44010136124759
2026-04-24 04:13:02.232311,69.88796750158305,30.525875480584155,59.36317432347589,-0.06526711884238856,-0.017601678324730474,10.350971074132355,3.769021793885994,49.4605589101392
2026-04-24 04:18:02.232311,68.02367907984754,29.526252320991222,58.523235522202626,-0.2497742814747647,0.2012703925454838,9.407913158807279,3.380411458591471,46.722648291643374
2026-04-24 04:23:02.232311,67.41745708379666,29.197597921763425,43.410445918505474,0.3693704160689256,-0.1894827200640274,9.835555760847642,2.823608547832896,45.08178498970966
2026-04-24 04:28:02.232311,67.14341993746393,29.046108775718633,52.60237264102364,0.08480677325672742,0.11905329685734736,10.107791897529928,3.0520520804045317,45.73709116415168
2026-04-24 04:33:02.232311,69.75202178310343,30.432027092059034,48.16098536372645,-0.15643840444948878,0.3779039698406751,9.743506413377988,4.38712242910245,49.12755065639695
2026-04-24 04:38:02.232311,68.02911248023761,29.5078061291966,57.32392354565171,0.0791457058321258,0.25672486289531465,10.005351045903168,3.228460176774679,47.684783310982354
2026-04-24 04:43:02.232311,68.529727719097,29.76946492192093,49.70356992164625,0.6205792531824202,0.261563053469163,9.128367872323143,5.390854448552962,47.10206031631575
2026-04-24 04:48:02.232311,68.39109188561304,29.690189809395488,57.35987038055793,-0.07671893709199416,-0.03715069865967313,9.79717740649476,2.4586820821640822,49.314803512970734
2026-04-24 04:53:02.232311,66.67466781452076,28.769427636812267,40.41920584809451,-0.4111693279850849,0.17666982059994324,9.842538772273965,3.4612544388729325,46.59760932069093
2026-04-24 04:58:02.232311,67.01562308708226,28.945934447511075,47.772522693155395,-0.11190350560104402,0.31858710413107244,9.874497941973452,4.273139325494999,47.87367314312808
2026-04-24 05:03:02.232311,70.35787374264149,30.723132129141998,49.35592267903218,0.20193405402256218,-0.14159935238506574,9.518012477261335,3.5523577948346934,49.30820899411602
2026-04-24 05:08:02.232311,65.77009177865722,28.270979080349715,40.768253814955216,0.2277826683529969,-0.07802619440511302,9.422770760640455,4.680167569572242,51.12635236823172
2026-04-24 05:13:02.232311,67.83917232930415,29.36915270602741,47.81481351755407,0.2898389173571265,0.3236936859035493,9.735262291355545,3.8146749603555046,46.64098997799659
2026-04-24 05:18:02.232311,66.193493977463,28.48612158371147,39.05499557968587,-0.16451276680759203,-0.022735539257193158,9.864636113167268,3.885008981408964,49.89176098283933
2026-04-24 05:23:02.232311,68.77694712937394,29.858627263396635,49.37439714732101,0.09899058515290032,0.21690215015147016,10.139396858324472,3.273881337366939,48.3136167312622
2026-04-24 05:28:02.232311,67.05203787533095,28.933339659906373,54.478217470332446,0.19410398284143013,-0.1101136173800547,9.519651147856532,1.2811599692867617,50.19674465032717
2026-04-24 05:33:02.232311,71.4202122036333,31.257696633666953,53.62212392244197,-0.11057527493838033,-0.06060675807553206,10.247919911668847,2.134279908351594,49.92405421543346
2026-04-24 05:38:02.232311,69.75252266668856,30.3629262126291,48.88294264944379,-0.06064397190558547,-0.1280592871835173,9.824407446826077,3.4597936094183472,46.505602940523715
2026-04-24 05:43:02.232311,69.6857226100299,30.321963514410474,48.01492201592462,0.42447571974120923,-0.13741368907627413,9.361428491330226,2.1751461530587886,48.671791467856735
2026-04-24 05:48:02.232311,67.80713349084996,29.314713316180512,50.119214594721925,0.1763858008754776,-0.022381023698563304,9.60458977210759,2.4735773470360405,46.87583020467465
2026-04-24 05:53:02.232311,68.66715932112447,29.768057757659584,52.1985534823952,0.22996347606363168,0.25866422470178313,9.903989647396033,3.3580686947904654,48.510050058547115
2026-04-24 05:58:02.232311,66.3733963359397,28.53938149756037,47.69160133667809,-0.438970499685797,-0.005414648486000789,10.024783523077911,2.763287919139333,49.36664012251339
2026-04-24 06:03:02.232311,65.53658567814341,28.087746478735014,59.712920019860505,0.028101402288272508,0.09552530076104646,9.219437721554586,3.8906114269581984,48.69024906688806
2026-04-24 06:08:02.232311,68.45879224440556,29.640920646074154,63.863851828526066,0.46638315901095184,0.1256643119704596,9.495753347120639,4.4153831033478745,45.42660601661353
2026-04-24 06:13:02.232311,66.82628229112682,28.764912669658166,42.495433353541756,0.48560790248185826,0.030752364623007494,9.941799390638058,2.1725626101916076,46.66403330767777
2026-04-24 06:18:02.232311,69.82662449940109,30.359759179403778,43.27819953824577,0.416077825131371,0.408222532610762,9.47622776917974,4.791199338555239,49.154015740727594
2026-04-24 06:23:02.232311,70.41654400211362,30.66904691284979,45.285313203191706,0.2343734028104935,-0.11094571736560958,9.981519044945973,2.3716198959226378,49.815695393524116
2026-04-24 06:28:02.232311,69.40782310753143,30.12572643440529,44.47814412831934,-0.3708038052786919,0.3409353634909174,10.208277025303083,4.122129806616547,49.467033205711125
2026-04-24 06:33:02.232311,71.50665851702624,31.239769318135185,50.12139088762792,0.24113209162248886,-0.5508707505904716,9.92103511156189,5.435944902627235,48.557104996709775
2026-04-24 06:38:02.232311,67.60495999236294,29.153527436980756,42.441999028687334,0.4936311886911026,0.317394548091362,9.973824160706732,3.305409362162304,46.50494199106129
2026-04-24 06:43:02.232311,70.70237090786868,30.800143923916494,55.026376257040575,0.242223516827842,0.33761211184206935,9.682263580713322,3.1714365102603677,49.681594826208276
2026-04-24 06:48:02.232311,70.4611412512245,30.666152105705596,49.578318208583646,-0.06322839814942413,-0.4708866864088944,9.975276018221297,3.2273319374025036,50.83675557630763
2026-04-24 06:53:02.232311,69.08214555144451,29.9253517311556,40.92007776363622,-0.02567110264733368,-0.18621625224432803,9.920476264104174,2.928646961966776,46.96980221026561
2026-04-24 06:58:02.232311,66.76937439975367,28.686537782253147,57.865956268380636,-0.5764619670911247,-0.04239287569532119,10.480841622698634,2.164843923274449,47.801639043684915
2026-04-24 07:03:02.232311,67.50936443101081,29.075863130922958,37.521564515242645,-0.26847760806404924,-0.4609366908238162,9.531670762853814,2.437058455410437,43.8781296864555
2026-04-24 07:08:02.232311,66.53487143447553,28.55079753143681,56.89940872943861,-0.25731992808984294,0.2724914806370399,9.819709295172213,5.261637082351041,48.00224377613541
2026-04-24 07:13:02.232311,71.04825463471742,30.95259923689848,46.75001821241671,-0.3857566568589621,0.40349472896193705,9.719906042639783,3.390675608849603,46.19627277881755
2026-04-24 07:18:02.232311,70.90704740735792,30.87195271430608,41.0631645650894,-0.33115983382654507,0.1949241530243787,10.084446658999441,3.6185006136839415,46.43316438341661
2026-04-24 07:23:02.232311,70.48055103364867,30.63915198032715,56.48244013272623,0.44148005406087876,0.2257491184317771,9.490881532175965,3.4081328253667746,51.86736621256397
2026-04-24 07:28:02.232311,69.55486543192558,30.140116991407496,37.34184737562425,0.0920944390234362,0.05554005076270485,10.175356257418395,2.5200142180298357,49.38237198966757
2026-04-24 07:33:02.232311,65.9909206127532,28.23401041984823,54.26393987435001,0.26598470537542845,-0.2560378248197919,9.869885933898777,3.7699776919825387,48.81567664747757
2026-04-24 07:38:02.232311,70.07060170790228,30.40450433592707,60.57469515459147,0.14409043780862593,-0.4529813294527534,9.572362347952055,3.855942899361679,51.0062119706594
2026-04-24 07:43:02.232311,70.22914568085908,30.483725120170035,51.4892726612357,0.009596487800776328,-0.3464179366660856,10.013810648753513,4.788535978670723,48.03376429672688
2026-04-24 07:48:02.232311,69.04741150220151,29.848130890218666,39.88852653582957,-0.11920850551721286,-0.3207217602602566,9.519422479755159,2.99023130444923,51.26497066884761
2026-04-24 07:53:02.232311,68.40976400226349,29.502716222251042,47.19073525520572,0.1970763394239185,0.0797292031912556,9.568571160386975,3.0629198079146924,48.75181947206676
2026-04-24 07:58:02.232311,68.40760136925002,29.4962268166432,52.67958152460919,0.7160548648926346,-0.024021362588291607,9.224251647063886,2.7590121085741246,47.918460499859805
2026-04-24 08:03:02.232311,68.84261891138571,29.7229001711149,50.860373970777914,-0.06389186080154674,-0.020342841572354484,9.972358688558952,2.5540557902774568,50.62750925948885
2026-04-24 08:08:02.232311,68.3851148969029,29.473562028723407,46.065468116903695,-0.35316545330636034,0.09965235045153312,9.517704158798367,3.025435358427972,51.79375011121977
2026-04-24 08:13:02.232311,68.97156186682511,29.780997744681247,48.85057915841243,-0.27986385491277727,0.12004726611130173,9.869905938315311,4.396886508152813,50.38137233547419
2026-04-24 08:18:02.232311,68.76937568721094,29.667829114219685,46.80545126453359,0.01597045549477917,-0.23738469165837145,9.38019926632915,5.796747743934141,49.9771512711678
2026-04-24 08:23:02.232311,68.1839082291934,29.350243801943,71.81845552944088,0.3207374147110541,0.6510248046532072,9.68302540871647,3.5377679944625258,46.921890166712565
2026-04-24 08:28:02.232311,69.94321903942077,30.283206899396923,44.91050241114404,-0.10135935608172505,-0.05812338096371856,10.068459214712243,5.946914992217356,48.88389216972378
2026-04-24 08:33:02.232311,69.77082299505638,30.18592634106859,41.137762061019885,-0.21079534714047343,-0.5712087452370355,9.753196382617967,4.662077596710814,49.4102884251878
2026-04-24 08:38:02.232311,68.79167832835905,29.658379850829355,50.057835114053724,-0.4418838722773234,-0.08108129321558577,9.853625104762305,2.358067978197096,51.02969380821958
2026-04-24 08:43:02.232311,69.33248848795763,29.94147593461459,48.30212636631409,-0.31784144913736045,0.020162528608236162,9.861004304895182,3.169331435684189,47.05140328930062
2026-04-24 08:48:02.232311,68.58667931199079,29.53837503943161,41.28647105652697,0.18156649288996202,0.3018487210122484,9.741246307110881,2.7446970519239198,48.744815655413646
2026-04-24 08:53:02.232311,68.24853303222979,29.352694355558402,45.570997012217646,0.2692642132953206,-0.0777256917140353,9.744656628487842,3.8189435984675626,49.535581163358614
2026-04-24 08:58:02.232311,69.06551433146996,29.78308171381916,40.263356647545805,-0.2565600768639706,-0.24580695041448797,10.050713859300727,4.814087560081887,49.86613504693642
2026-04-24 09:03:02.232311,69.73823846883967,30.13653191908234,41.49473147880126,-0.47807006898220666,0.3711800856429508,10.03809592785945,2.998383165413296,47.76997971059059
2026-04-24 09:08:02.232311,68.36445863010586,29.398513337090304,49.764909469173105,-0.18736195705600042,0.027328682204168987,9.93159448798705,3.1627457915769455,51.20506298277342
2026-04-24 09:13:02.232311,69.41131426147221,29.951500339151696,65.84919505144016,0.4299123234524141,-0.33643402509531195,9.53265986748677,2.8253964617816107,49.41315477559183
2026-04-24 09:18:02.232311,71.10904813016532,30.851622401120686,56.44415949862997,-0.026102905923157282,-0.4088842797132758,9.942594677866712,3.2775783580024025,49.24671675806355
2026-04-24 09:23:02.232311,72.5175709568149,31.597498573999793,53.04414358256011,-0.3052388846709995,-0.15348083116871192,9.377931848239388,3.5593364497213456,49.378175798928005
2026-04-24 09:28:02.232311,69.75367472401656,30.118084581840016,31.687398855370144,-0.21056182311786742,-0.16362834951680288,10.003589320266224,3.4735577372955535,47.681235448171165
2026-04-24 09:33:02.232311,69.7912291226265,30.132777593097977,61.44925022408054,0.2523144819593974,-0.246120749224891,9.307490704892851,3.0484436192103614,49.26259941756707
2026-04-24 09:38:02.232311,70.11460247802319,30.29990738130888,41.77623124651524,0.17346568049044667,-0.6841820746381008,10.075827949347332,4.317185581764097,48.05124112619224
2026-04-24 09:43:02.232311,69.54245805380184,29.98942768705682,51.301266060666144,0.13654070464283255,0.04506500388901108,9.981923737576741,3.9636478362408214,51.589332638272246
2026-04-24 09:48:02.232311,69.55332140370271,29.989885472336628,49.914688380029844,0.21187221252525906,-0.11208345630163194,9.489644557857279,4.963371004135762,49.20149672421305
2026-04-24 09:53:02.232311,69.01464814769923,29.69725706780077,39.43469278104561,0.020987941831680474,0.11209650492049526,9.845530289065152,2.928183974136244,51.49219113289516
2026-04-24 09:58:02.232311,66.98351240659986,28.60864867121377,47.351739517214284,0.16905835695739335,0.07294868482877787,9.939699432677001,2.7805956908329184,48.534524835458676
2026-04-24 10:03:02.232311,69.07509420899068,29.718822964488204,39.31725479979024,-0.2543485538771034,0.18723442433168908,9.4639761907229,4.094500110905394,48.55443137839284
2026-04-24 10:08:02.232311,65.62186743957861,27.871766019467774,50.32267488647921,-0.3706651485577754,-0.14779227761320363,10.21944620401322,2.957361275156993,48.51085620229477
2026-04-24 10:13:02.232311,70.2298175193591,30.324003394016703,45.94352325513413,-0.13592331118232687,-0.1623779374306793,9.449913313446904,3.8219853923068685,49.73829248387146
2026-04-24 10:18:02.232311,67.71217840958325,28.97592653413558,57.27727872284506,-0.30498825996121925,-0.0881905709901196,9.888561204437101,2.956984236375129,49.24265023458178
2026-04-24 10:23:02.232311,70.54752479558086,30.482775272000296,47.805651357072165,0.03879389072136004,0.03554716620240301,10.252442560773387,3.2903147666430823,48.27773926112955
2026-04-24 10:28:02.232311,68.41543979538208,29.340327270560287,52.754929274528976,-0.1614845351585614,-0.43922705586291655,9.734123229161876,3.3392381862258667,49.81337025209731
2026-04-24 10:33:02.232311,68.99613600751584,29.644695915697632,46.2281003276682,0.16874177875075494,-0.014864567134141332,9.72870157995032,3.2242389924555455,50.38320271122585
2026-04-24 10:38:02.232311,67.98723326569801,29.101278452060782,58.08152443128377,-0.12451496247658464,0.30105000338539306,9.54565583184754,3.209697936263858,47.2956294025724
2026-04-24 10:43:02.232311,71.10700884488561,30.759822759626843,53.01759046357992,0.021332992775759306,-0.1782460724435806,9.380057055037728,3.1551579586566967,48.408181037358055
2026-04-24 10:48:02.232311,70.07268385281637,30.20284676252257,60.45422439148824,0.057940133412179955,-0.2560375602498453,9.485977073934583,3.5459686720717283,49.099789145883506
2026-04-24 10:53:02.232311,70.20615389809151,30.268694785335313,50.23514160828386,0.12165751857429948,-0.2726910100025431,10.546278903013018,3.458553770298682,48.95588663477433
2026-04-24 10:58:02.232311,69.70116208203177,29.99402981543613,49.547802061461105,0.06718892778898859,-0.12878884895896422,10.214773122163134,3.579359083917758,50.30055581655285
2026-04-24 11:03:02.232311,72.06607014401048,31.2499781138241,60.0234267906508,0.09820454722737576,-0.03212233109893698,9.992553411729357,2.5891657309126663,49.00714488541875
2026-04-24 11:08:02.232311,68.21770666338571,29.19218158949022,52.54956213819074,-0.013925781715634565,-0.08311268637691147,9.80834111183713,1.8500788980113678,46.93431228246129
2026-04-24 11:13:02.232311,69.64558749104143,29.9483820295726,40.78524388051464,-0.11236002234001882,0.02456779531641006,9.35992978214697,3.8170993533063764,49.531211817334096
2026-04-24 11:18:02.232311,70.18123534655213,30.228724884510978,58.52494751858231,0.1191442498915834,0.17817017583695327,9.729464078170695,4.387397372351646,48.584476556485974
2026-04-24 11:23:02.232311,69.10872953286433,29.65138578254349,35.95141369739014,-0.25428049592877283,-0.38044862902072835,10.199054254028145,3.7445636519573684,50.591690554832546
2026-04-24 11:28:02.232311,68.76757484580601,29.464100614778378,35.96885113928121,-0.0007559108618637716,0.0678461766931042,9.829399653089224,3.8972245520764077,49.60103397187744
2026-04-24 11:33:02.232311,70.90671460556896,30.599639151984622,60.1366478815702,-0.1231929451015542,0.09343691223747819,10.319004230762463,2.8996247204108863,47.738666130035575
2026-04-24 11:38:02.232311,69.42194363945677,29.80242530205745,51.60123924852244,0.12147061981671572,0.4340878136827031,9.512219647433982,3.1284958563917926,50.69582637645171
2026-04-24 11:43:02.232311,67.80343873294629,28.933886683917862,46.1480831973533,-0.42447926858597945,-0.21007744216695184,9.557278626370893,5.203642157247961,49.21116117055808
2026-04-24 11:48:02.232311,70.68532712931156,30.465557827312008,29.554112060714115,0.012806190380937985,-0.13548389036168174,9.843844322949012,3.3590276011371194,52.30207669813738
2026-04-24 11:53:02.232311,69.896173739037,30.039340017831567,50.946969076355465,0.14415491308969075,0.3641184347984528,9.75136999564435,4.5530584099729,49.20805947532399
2026-04-24 11:58:02.232311,70.6679302822947,30.445607506235017,44.41091595829551,0.28913774018811667,-0.204870297977929,9.681734932332736,3.1619000345019055,48.78712684148999
2026-04-24 12:03:02.232311,70.02796350845509,30.098955892186556,63.87878091986825,-0.22372867141316774,0.28908073946680085,10.144534458421855,3.742897447590652,47.35938343280203
2026-04-24 12:08:02.232311,68.81306003837595,29.445671373477012,57.26168626432872,0.02374959199874313,0.048276090758321934,9.745720955129288,3.7683876243906114,43.90859819381222
2026-04-24 12:13:02.232311,71.04992736074013,30.633331277403908,39.855511003663125,0.1013570482933553,0.35933754729754647,9.902037381780028,4.589591274496945,51.30095804994891
2026-04-24 12:18:02.232311,68.40301389338775,29.21630809348197,56.47404640900122,0.05778287770926883,-0.002087253563254478,9.786462650656715,3.0829872482074916,48.10229907400642
2026-04-24 12:23:02.232311,69.31814501377899,29.6990420230233,46.35153290146632,-0.432883534001251,0.33004146065202516,9.422093020930967,4.234740022409728,49.06250278916714
2026-04-24 12:28:02.232311,70.67523261776913,30.417486077150702,59.41971944455844,-0.08181492485580769,-0.061534891247028184,9.27111532434473,3.5135716500559773,50.45858552474712
2026-04-24 12:33:02.232311,69.41092948565243,29.73785507202113,43.00904475690844,0.13064527737650186,-0.41123029048540893,10.033103374450944,4.889491975144652,46.5180512530318
2026-04-24 12:38:02.232311,71.52589615076461,30.860501292080297,38.218078362213966,0.06417900576587827,0.32995664654473966,9.889727150920049,4.660376606091177,50.15925010316934
2026-04-24 12:43:02.232311,68.52842671623401,29.256514925663303,50.309198799902624,0.11364845518007606,-0.06019222925841006,9.84878227077312,2.881740858046472,48.83313479172604
2026-04-24 12:48:02.232311,68.84677332805327,29.420963783966247,63.603157679651225,-0.21524051905203223,0.04713889217017849,9.84889790346874,3.9571699966836156,47.758486249079446
2026-04-24 12:53:02.232311,68.53828788129391,29.251102211027263,63.825560511866215,-0.26013572899649107,-0.2586871015457524,9.774443264531211,3.722894053794279,46.73255454891205
2026-04-24 12:58:02.232311,71.28545767533275,30.710923433180636,44.68091995765178,-0.11006045139769097,0.14073351350939886,9.842862953915239,3.7139541124690316,50.92886623352789
2026-04-24 13:03:02.232311,70.25037234376857,30.153541921679075,48.05857369724285,-0.5473217362563341,0.09395409301582609,9.664318549319269,5.348712870734849,51.40880338099872
2026-04-24 13:08:02.232311,69.16067306519133,29.567032971770544,61.266770276046586,0.49653399895690337,-0.03769951367884178,10.11349189477996,2.9084969086454784,48.83562110823239
2026-04-24 13:13:02.232311,72.15503140260697,31.15868808372488,38.06384667517375,-0.007062835791367299,-0.17900543499814311,9.634117770488857,3.3811655906959266,48.52224832125992
2026-04-24 13:18:02.232311,69.97702549673537,29.991748932592696,41.58541157426454,-0.08037731904622936,-0.17265326838151088,9.613553862434348,3.737525440915702,48.0084721026884
2026-04-24 13:23:02.232311,69.43653258995082,29.698150047640265,56.48774143166497,-0.0942880358709247,-0.12777439823093767,10.220349522789448,2.5263096710754294,46.8558888301828
2026-04-24 13:28:02.232311,69.86064024727902,29.919004796881314,54.13628535651122,-0.0500447685087931,0.24997077977724763,9.9323696062892,4.10276289219207,46.25695857233217
2026-04-24 13:33:02.232311,68.51080567735224,29.19375702491969,44.14430189363137,-0.3121545128565976,0.4287555521503953,10.323129561081036,3.0026171590918,50.363248296476755
2026-04-24 13:38:02.232311,68.17348133984146,29.008514710246615,51.13069040052284,-0.19899306410958223,0.1984548536300756,10.45148558175547,3.469868003923996,48.59044150337184
2026-04-24 13:43:02.232311,68.45681695394455,29.15429103643426,56.05886464363477,-0.29087110485575857,-0.07512182234248323,9.921231583635915,3.5857672396151354,49.51922655327095
2026-04-24 13:48:02.232311,69.30393062706112,29.600748994095763,29.2601929803248,0.34795680279134616,-0.20802630273048817,9.509603264491108,4.581016295694371,48.13440030145447
2026-04-24 13:53:02.232311,72.83631240447981,31.4793499407184,55.49321267796591,-0.06332702016204012,-0.3813001768301255,9.677538667063638,2.897943019569684,47.59160491900879
2026-04-24 13:58:02.232311,69.1726218554756,29.520045646582147,46.83955184381293,-0.19597017924561425,0.04290692113338427,10.121276347256249,2.4513424156055614,45.3105006356363
2026-04-24 14:03:02.232311,69.54104205487911,29.711200418263356,50.63952858256893,0.41589877801725467,0.16257374760585602,9.714851265474383,3.4832397877402816,47.34907545577979
2026-04-24 14:08:02.232311,70.60150239610022,30.271443265580615,51.71683173225414,-0.09078365884938867,-0.1265241628695131,9.603733964088708,5.498385479386338,49.6671367513812
2026-04-24 14:13:02.232311,72.42778877244206,31.240126664962258,57.64861150177731,0.020015765097864634,0.1259020609088899,9.711479081474048,2.5597625076276884,48.684549422726086
2026-04-24 14:18:02.232311,71.05602530997602,30.503183483646374,47.12349483020107,0.1774070006134993,0.0075996205742095155,9.836026497228557,4.445643616474808,49.74285125440895
2026-04-24 14:23:02.232311,69.36718242929456,29.597131279282255,38.85286894443801,0.36927164043690264,0.2548056054756808,10.365200543428744,3.7579251393953514,49.7466206567249
2026-04-24 14:28:02.232311,69.92752433858095,29.890644296234335,41.47277432535506,0.35504666486784225,-0.04851920497635687,9.697396106898877,4.365243095834216,49.81877307949203
2026-04-24 14:33:02.232311,72.85779386284412,31.4481187078407,50.25642063110822,0.605248886254543,0.010525597341412658,9.996448416042346,2.255096505165097,46.25642194075112
2026-04-24 14:38:02.232311,68.29648317858737,29.01008367490309,53.51999967498819,0.20348384205281522,-0.28374798502975507,10.193214582869237,3.97956503398575,47.61936567297136
2026-04-24 14:43:02.232311,70.19634724936147,30.018008511315276,60.42692272934144,-0.06412409176758843,0.5520122876354324,9.942986414068589,2.995946064646481,47.378020227553996
2026-04-24 14:48:02.232311,69.6190011772198,29.704754604839056,40.355247613895116,0.10675809041005513,0.3109157828695464,9.367404469712769,3.689379684581004,46.902068053088804
2026-04-24 14:53:02.232311,69.59463609813237,29.68642389465842,56.75605280985255,0.3233752053086814,0.030114916178028174,9.786779457445451,3.773159674830451,51.07002515300939
2026-04-24 14:58:02.232311,69.85599999366877,29.820481970943842,39.67028228814566,0.09294250200604466,-0.07595934813504053,9.30096137493288,3.5110160114209616,51.498050148641816
2026-04-24 15:03:02.232311,69.07528483641747,29.39876455240914,52.053193900328964,-0.2272709492676508,0.28038898313291905,9.475312484832543,4.6831705534557,47.96111938796642
2026-04-24 15:08:02.232311,70.30484190022713,30.049192318440298,47.573012260693446,0.08928311366247244,0.4035661718950539,10.30966502345235,4.180498006056229,47.96926113043076
2026-04-24 15:13:02.232311,70.22972238124684,30.00379257365015,50.967046466002444,0.12039266186932301,0.45917512035800534,9.787572103973591,3.2848079433495005,51.59760629509962
2026-04-24 15:18:02.232311,69.71039915291581,29.721484183872928,55.5427983917775,0.0023441330036151195,0.10818995199280332,9.512500210812131,3.1265619237648066,51.86942581827136
2026-04-24 15:23:02.232311,68.64319662854744,29.146973502875795,58.95800175219514,0.27295297203675756,-0.15520263772519327,9.435779833014367,4.075405302243361,46.373509110491234
2026-04-24 15:28:02.232311,72.09391935453291,30.98202295540071,46.489399334666864,0.003362070110893599,0.264239843497598,9.608221208576476,4.3643027676721,52.32585513971968
2026-04-24 15:33:02.232311,73.04636321883177,31.4846570150261,47.17953504288461,0.17419444991969357,-0.04239959704198163,9.916920207000432,3.6081174199479804,49.312115333500444
2026-04-24 15:38:02.232311,70.0932532401763,29.904329025075853,42.084696795850476,-0.045308852436308944,0.030506347119947014,10.448455518524694,4.23764964887084,49.94038855310522
2026-04-24 15:43:02.232311,69.93722075171004,29.815775696559843,53.90511399391083,-0.2300444689968042,0.06903278192250804,10.062030933805973,3.819617845674612,46.188805533661345
2026-04-24 15:48:02.232311,70.40850026917656,30.061788771207993,54.34572144015613,-0.17767579971519185,-0.004871768130101644,9.063687905635097,2.7554347036276874,47.079243227486984
2026-04-24 15:53:02.232311,68.66849825066433,29.12845169333413,43.19206498335624,-0.2121465655623025,0.48552989912739836,9.872948649679373,3.045344608886844,46.519341216198974
2026-04-24 15:58:02.232311,69.58082972670817,29.60969247922352,62.15997717504165,-0.3981913707217946,-0.09176463155674958,9.806176018489623,4.221906148320368,47.44087491558407
2026-04-24 16:03:02.232311,72.08745143207851,30.941221387420363,44.195437974487035,0.3632969370656182,-0.05383994929369283,9.918712197392038,3.813371713233193,46.011844267508316
2026-04-24 16:08:02.232311,68.31265589527973,28.92266109979368,49.50152416133679,-0.18155919919956487,0.03498210670780767,10.121549533640142,4.3712998839792885,50.68915002020529
2026-04-24 16:13:02.232311,68.90773877661717,29.23470263517298,53.29142856551444,0.1963920200285272,-0.2503401193333405,9.702061301617627,2.6423451164567715,49.79280361239614
2026-04-24 16:18:02.232311,71.6299829950131,30.68123021698347,51.849982059971694,0.03817274766144174,-0.1941871228609726,10.098377456396388,4.6539953862334436,50.62585798165127
2026-04-24 16:23:02.232311,70.02556323210098,29.820203675429678,56.44974183537168,0.02503662295573886,-0.3865020272388873,9.719643925763048,4.300789767129088,48.62422525329621
2026-04-24 16:28:02.232311,72.99920080393399,31.400807712406618,44.28173857229717,0.04998894441138866,0.2755318526002429,9.997732283560055,1.459475129637078,49.12205424305711
2026-04-24 16:33:02.232311,72.57610815627321,31.169822298986862,53.819871008852886,0.18598619739169872,-0.03446383153041623,9.446764420300445,4.65234677139216,51.09763306270232
2026-04-24 16:38:02.232311,70.75915313741011,30.19544362092588,42.18823958444719,0.19016010534963582,-0.44751180188176504,9.478655076781834,3.358606823329663,49.20711260450357
2026-04-24 16:43:02.232311,70.11188383782212,29.84489732647828,47.21311956484148,-0.14815706045912674,0.07521353777744175,9.655028581134994,4.374281288649748,46.72475988587085
2026-04-24 16:48:02.232311,69.63582033984125,29.58566079288782,54.947070265686804,-0.22389570060039354,0.22048744468496664,10.001617597256644,3.5051312850614704,47.37777954585962
2026-04-24 16:53:02.232311,69.11425520376248,29.302156718978477,60.316619318501644,-0.11892584672877288,-0.34236527679205203,9.931446705410707,3.1167696307591397,47.77826759211326
2026-04-24 16:58:02.232311,72.99767544213772,31.367978178111272,56.743236483074455,-0.287380549877076,0.45911663006051523,9.531916331137062,3.746171360423655,49.539222396328704
2026-04-24 17:03:02.232311,69.30054300114847,29.390838208249665,50.64517965831482,0.3183796982532543,0.26651660489861223,9.12455539138444,3.3671139457650234,49.18855118806423
2026-04-24 17:08:02.232311,69.3785144968371,29.42708700461627,53.14908481654228,0.19312237100197446,0.2238424731512592,10.178109746504175,3.441630534584605,49.77863866846908
2026-04-24 17:13:02.232311,69.20933224253318,29.331520467653515,40.32498431060144,-0.004471774491333712,0.028374117868859065,10.102268497695121,3.1185799867973536,51.27034290296951
2026-04-24 17:18:02.232311,70.38660805651878,29.95406490044517,61.443818934224154,-0.2344798218920585,0.10830209003155723,9.774633313921363,4.0654153945863705,51.7425819461336
2026-04-24 17:23:02.232311,70.01653871624252,29.751358584297158,41.605739767984005,-0.08706627542509306,-0.49522251453318356,10.40351395608933,4.181081813288721,51.69564739841393
2026-04-24 17:28:02.232311,67.72720049688314,28.525042199304828,62.22788935048236,0.007760536577931918,-0.4333439267099681,9.472406059597665,3.384655779293979,48.48855072170914
2026-04-24 17:33:02.232311,69.98497871499244,29.723854580962453,48.29659869522589,-0.3215615246824128,-0.059146385894397455,9.858395125260822,2.819604779399093,45.56830042913327
2026-04-24 17:38:02.232311,70.88234203444502,30.19711235000316,45.17666680017062,0.30185065746767514,-0.06567741932924356,10.246220884533546,3.4324511457843405,50.040293731977606
2026-04-24 17:43:02.232311,70.89942104359089,30.200885153546963,47.04967078462017,-0.3907763656612053,0.25587330328609936,9.551198964018441,4.055019747996017,52.185974903554296
2026-04-24 17:48:02.232311,68.21348801764071,28.763051538372856,41.62549714985375,0.06455954569891491,0.007170233291999189,10.182470764195896,3.925151312118546,48.86584106850464
2026-04-24 17:53:02.232311,71.28415660438426,30.39540544996876,44.78828480429499,-0.06148287570065429,-0.1859135995475451,9.90126781214137,2.9237099425201203,50.63603915242182
2026-04-24 17:58:02.232311,71.41674165218485,30.46078147412841,42.61592926292372,-0.03272497845802821,0.12102544187307672,9.816540892994006,4.031342100631869,49.68232853585548
2026-04-24 18:03:02.232311,72.16603627774653,30.855069273093964,55.11001997773248,0.11362557742230196,-0.16094279344964454,9.462815418094042,3.89466149992655,50.87051064816205
2026-04-24 18:08:02.232311,69.46760762224866,29.4105713221611,44.22073518020197,0.4385473406298366,-0.25130395788069537,10.473300569093624,4.373295608731806,51.16689990090924
2026-04-24 18:13:02.232311,69.30160652987895,29.31670140489659,56.63818287659556,-0.026151043064618257,0.02002069337486933,9.44220233924262,2.639819484191614,51.095017197176595
2026-04-24 18:18:02.232311,68.2051745290257,28.72660166977419,50.48700331744054,0.04465356692065974,0.4243987130428218,9.58710494941933,3.8173778369340687,45.023043855832384
2026-04-24 18:23:02.232311,67.15578320532285,28.16159029579867,57.43904320015777,0.23620849642709948,-0.2749145837385922,10.139698523131923,4.418390788940828,46.56293611377456
2026-04-24 18:28:02.232311,72.83094774618517,31.18300871625791,47.78024564024374,-0.28451276667468645,0.07422080326852,9.639487540668108,4.8170235646338995,51.240274030574234
2026-04-24 18:33:02.232311,71.05523105393125,30.230623812388483,56.719547900241494,-0.5186929674823128,-0.07114319612367515,10.11977073945602,4.412915606304724,49.40915270282327
2026-04-24 18:38:02.232311,67.63341178431834,28.40031753392759,58.18933779269021,0.09911772351517477,-0.14401097544606706,9.824489822478004,3.619170447216036,52.248388679822185
2026-04-24 18:43:02.232311,70.18478536171811,29.755714107206803,44.76314064058624,0.04944536209095391,-0.10859951512490376,9.758434548756323,3.8837845758752394,51.18959571679735
2026-04-24 18:48:02.232311,72.02355331191153,30.731054345975963,44.40426747635114,0.2305201311014698,0.3859034208023355,9.524174104830216,2.98663113453403,49.465168031849856
2026-04-24 18:53:02.232311,70.34860427438883,29.83241219129652,61.82601653617782,-0.18406460345665715,0.0938168955993675,9.285356631932538,3.9917867548059265,49.00443910836887
2026-04-24 18:58:02.232311,70.73299845957554,30.032086422062097,58.82737871705504,0.7227588292515964,-0.2668319341819329,10.0690776545017,4.67132350114513,54.26842159516962
2026-04-24 19:03:02.232311,69.66022598691869,29.454605101977776,45.96855844206978,0.014963607413080997,0.21186147987864562,10.019426537810917,3.9283683683470176,50.05535530932566
2026-04-24 19:08:02.232311,70.05816744939904,29.661504547299966,39.85566474478487,0.09663170032423245,0.32371901051483726,9.807145410387491,3.094779256893413,50.31043138326511
2026-04-24 19:13:02.232311,70.89445227556199,30.10218711991954,51.327587526800876,0.3087012458112363,0.47593081224794725,10.167359865709148,2.8904008433050254,47.77266304940836
2026-04-24 19:18:02.232311,68.54893380659192,28.84590793513483,24.778967021916227,0.14628986924363468,0.21982802297119186,9.264754802232432,4.542870811088268,50.245994742486594
2026-04-24 19:23:02.232311,71.68844384176805,30.514977285894773,65.60758578766736,0.006875301804468071,0.43308838469718625,9.413738706237725,5.430648597221955,49.58590626801179
2026-04-24 19:28:02.232311,69.54103771554288,29.364358017240683,46.7985806122691,0.08226976430402293,-0.14945767663556983,10.137201671400936,3.5203586760928043,50.15197464200433
2026-04-24 19:33:02.232311,67.26457064159888,28.144906243136543,62.243374138018034,0.2992588870304832,-0.33681967500481186,9.628662485443463,4.084679813044204,48.463964479826004
2026-04-24 19:38:02.232311,72.9474644818525,31.17044695660448,54.922706294305414,0.01833243348193136,-0.15066683386450175,10.111076385059869,2.6587662664935228,48.57774032981525
2026-04-24 19:43:02.232311,72.30328563696355,30.821548904663032,38.696415754323894,-0.3533026758843542,-0.4355418016339325,10.069019548818238,5.007290706352167,49.53881775909709
2026-04-24 19:48:02.232311,70.98660933022933,30.113985539737453,38.51643198730148,0.27215202917634185,0.42365697462990737,10.101089792546595,3.484313583571091,53.44886358703922
2026-04-24 19:53:02.232311,70.25476087447171,29.718330361999385,44.41940348129381,-0.5847515699295426,-0.0822904133407756,9.675953005556051,3.1657144357484643,50.98762639044863
2026-04-24 19:58:02.232311,72.36084547134844,30.83623947899964,49.363698667761554,-0.048982557110385135,0.43178842880375695,10.073018976447457,3.7812266283166456,50.56724829386676
2026-04-24 20:03:02.232311,69.48848823787289,29.298979619812016,42.609975130437114,-0.13545363613503175,-0.5688008294575512,9.460247791570456,4.175543834115546,49.37412697709222
2026-04-24 20:08:02.232311,69.9151971563525,29.521221708333805,38.468849129019205,-0.30603137716885176,0.15683371949519867,10.026296169675673,4.582738882999258,53.506603922349534
2026-04-24 20:13:02.232311,69.36177341106114,29.220726376177744,59.739476256887805,-0.040935970906103555,-0.051014484527579416,10.060034569228854,4.61767708066469,51.553250270251176
2026-04-24 20:18:02.232311,71.4990264356356,30.355258654616794,48.13612241287386,-0.04606111429550334,-0.28452793284811567,9.896121876191069,4.911993137436882,48.62114189884417
2026-04-24 20:23:02.232311,72.06479557064067,30.651666191952167,59.33729287116026,-0.4178161844688513,0.05383411378713161,9.62915538473062,5.250224478828414,48.62040236702919
2026-04-24 20:28:02.232311,68.87324610848182,28.94417047746678,43.63651548390979,-0.20382566561049792,0.2741881168843339,9.783316908670098,3.853926275302051,51.494432472042476
2026-04-24 20:33:02.232311,72.84910213465162,31.059291023423334,51.67757043480708,-0.3773827830418573,-0.002100084402859925,9.601479328976453,3.895550993038916,51.78740583042321
2026-04-24 20:38:02.232311,72.82050220833787,31.038701728055337,54.206651486027084,-0.025036293609890715,-0.02289937936662325,9.76608755882848,3.067074452262995,52.81469873426555
2026-04-24 20:43:02.232311,71.6217519474187,30.394032254231103,45.89860728562215,0.19537682349651536,0.5125772165078125,9.043732509540206,2.688707721124856,48.898485145187024
2026-04-24 20:48:02.232311,71.05983900222817,30.089009348795496,54.75729059676281,0.10416771037812832,0.20925511391922347,10.002474367418673,4.136662447073169,47.38446109750212
2026-04-24 20:53:02.232311,73.95884301435851,31.629808820597674,36.37286934205399,-0.20600497361319903,0.21192192429702947,9.890594512295154,4.001882148776092,51.92746648132354
2026-04-24 20:58:02.232311,72.63591541789171,30.91891143448138,40.89282727639865,-0.31714138260559055,-0.04478566215674938,9.454394710033046,4.394658479084147,51.764131130057244
2026-04-24 21:03:02.232311,70.25974624021828,29.646285205054884,55.53995784483706,-0.12619161280318666,-0.2541096249115193,9.687877423645512,2.8973352973486173,47.49931134884472
2026-04-24 21:08:02.232311,70.87359910824155,29.968337399999964,54.28033018959935,0.40421991699199417,0.11903775890930263,9.678161350477868,4.160767767961343,51.94421068224569
2026-04-24 21:13:02.232311,73.23458717889304,31.222195036346754,54.07937735232042,-0.10273548476217388,0.21466881814234282,9.416361362109988,3.0228464066707166,51.93374043863306
2026-04-24 21:18:02.232311,71.25880983317222,30.16311111729499,40.96804423033271,-0.43863956058725967,-0.47582704098828527,10.0130721237397,4.627188306800928,52.73305522378625
2026-04-24 21:23:02.232311,72.24669581231053,30.684647638168087,37.654724822068616,-0.1650221981557741,-0.06470698389162048,9.736230489122073,4.132007409738591,51.73607339603675
2026-04-24 21:28:02.232311,71.02755653090487,30.029104020084404,35.25665553727746,0.2143648326857143,-0.007078165939260948,9.48424706754974,3.3548145234185403,48.2780453227538
2026-04-24 21:33:02.232311,67.84204832187685,28.32483030726879,43.61106191287691,0.5900756360506185,0.08635246827134371,10.10831409542557,3.661297062971691,50.38044987872
2026-04-24 21:38:02.232311,70.75714521824689,29.87421265066547,47.842995964217145,0.004728766934834818,0.10400969255616875,9.815213265688108,4.22648378239167,49.905843713442565
2026-04-24 21:43:02.232311,73.18379102842664,31.16308774809401,47.01847746353123,-0.018976821190559483,-0.21535081589388383,9.941722172976542,3.2714244546600324,52.848931692804136
2026-04-24 21:48:02.232311,69.84681510134354,29.37803125231568,54.32891204020422,0.11606679253121022,-0.3289758955667089,9.990252673020088,3.472779957141231,49.781018134626635
2026-04-24 21:53:02.232311,70.60957260815023,29.779499254611924,57.892715899741,0.018985866903736905,0.1543613188058105,9.52375204573049,2.076996633673312,50.00757994841528
2026-04-24 21:58:02.232311,71.13279745470159,30.053216504771985,47.227849913549626,-0.009142520151130014,-0.1787968970193507,10.152916213435521,3.9197838410130723,53.440457178150005
2026-04-24 22:03:02.232311,74.11049863788362,31.635987801135062,51.156570260663464,0.10938649403364915,0.11632631601405781,10.026276766921917,2.786538225405805,52.00202928675294
2026-04-24 22:08:02.232311,69.90656197286886,29.388552245126522,57.33746005446034,-0.23846339694335744,-0.05153060678651581,9.799390811197203,4.991024868239289,51.60435306703687
2026-04-24 22:13:02.232311,71.03606323395915,29.985616916374006,56.58471799957522,-0.06759819769358962,0.44278731263914645,9.650137197253924,4.662562803940022,52.283973105721564
2026-04-24 22:18:02.232311,72.76790993662016,30.90393248979255,58.55826127598121,0.020269135461267445,0.16405877728243348,10.07717559123824,2.9762532433153934,48.52886206404959
2026-04-24 22:23:02.232311,71.86958163146417,30.419488059042024,33.62194483462591,-0.4898963453278068,-0.21661847019716526,9.813989715859455,3.7615256238873913,47.34661937453269
2026-04-24 22:28:02.232311,72.92812253976685,30.97870720880278,48.394843083126084,0.28686771618889345,0.33395583281027375,9.60407168078555,3.256912965072051,50.128170900099164
2026-04-24 22:33:02.232311,74.71313474180127,31.925377715220474,41.67860903598326,-0.14074790237865645,0.1734164979263759,9.666319143809602,5.1919423040590615,49.098590464078995
2026-04-24 22:38:02.232311,69.61291682058412,29.199925489237323,42.78940067845433,-0.18626350156411867,-0.423587094338288,9.971541502107023,2.876343346766375,48.043034682514325
2026-04-24 22:43:02.232311,71.8808720732469,30.404165622656812,41.160637537920145,-0.2657699768870042,0.0500141598722399,9.913179998092714,4.036076833196054,47.10753539427494
2026-04-24 22:48:02.232311,72.7707142579403,30.873412119825954,51.16886025287798,0.058750157130544024,0.07740397738691908,9.894688481608195,5.190761278080633,47.59776989710987
2026-04-24 22:53:02.232311,72.13425671416064,30.5286320951428,48.29284847967444,-0.335593447793763,0.15050226301863898,9.46848961702947,2.0715971361245877,51.89990589970608
2026-04-24 22:58:02.232311,72.01399154798257,30.459154671847166,55.797281397643175,-0.3223862037665745,-0.1809903636342671,9.746175094306748,4.408570163263229,52.211426732712724
2026-04-24 23:03:02.232311,69.43562196020987,29.078688223701064,57.24888810555454,-0.2158592353209642,0.3563100464665594,9.915430171522058,4.238446590290331,51.31641121400811
2026-04-24 23:08:02.232311,71.20811861478379,30.01868377147315,43.276445029811995,-0.3324423195189161,-0.17659102181630143,10.124964850096665,3.0911607616343106,50.46723439000166
2026-04-24 23:13:02.232311,72.60933164950328,30.760661388656214,50.94824061978888,0.03973319555057604,0.006467019271403083,10.029424390245984,4.398605091072404,51.2875489447959
2026-04-24 23:18:02.232311,71.76978145687062,30.307565284584783,52.960349270693975,-0.14309845907079388,0.0802623452971783,9.642528552954596,4.272971954900354,53.55650517464672
2026-04-24 23:23:02.232311,72.04655618496868,30.449842471569752,55.10909706507108,-0.22069815323802136,-0.3160761864998775,9.685924727143032,2.0761887288670984,50.40695320515023
2026-04-24 23:28:02.232311,71.06742266919761,29.922301928491184,50.90328916657263,0.7308569926495472,0.3226517011020284,10.412128181916387,3.573334538691039,47.25284163144028
2026-04-24 23:33:02.232311,72.06220416286475,30.44751605711299,43.18667080598165,-0.08730272217393621,0.15816937613103976,9.56495082384068,4.021358246804204,46.21051345446826
2026-04-24 23:38:02.232311,70.80491833592238,29.771627614743064,49.31666335773623,0.4013754113076346,0.3744955471311349,9.59716739607399,2.8685772529472477,49.968573721111966
2026-04-24 23:43:02.232311,68.52395619650072,28.549778472384176,57.46209295350646,0.34511223198081786,0.3978452108654997,10.25025368913543,4.359091895886666,49.68978920667689
2026-04-24 23:48:02.232311,72.6460807599837,30.742908904907765,36.706782467925606,-0.24455104702482458,-0.19651883162021172,9.988845722441113,4.945874002314391,51.09920518183273
2026-04-24 23:53:02.232311,71.54759057979987,30.151711474142395,64.20338183726707,-0.06622902568970912,-0.4528406454340302,9.49647575315743,2.991713934625892,53.405759761426175
2026-04-24 23:58:02.232311,69.21419708381897,28.90189894161858,49.22502047985425,0.19285254892496237,0.03633397871373234,9.909420129789686,3.8351467768516776,54.16347998906282
2026-04-25 00:03:02.232311,72.23593507986887,30.508156538177854,42.193199527919276,0.17996755165022024,0.07487336431135673,10.441072752604711,2.8815381590534876,53.573011856123436
2026-04-25 00:08:02.232311,70.00626782366507,29.313664666868494,51.39933844512444,0.12942705229723117,0.46983948875665404,9.792635112661578,2.970434155202753,50.524900506134
2026-04-25 00:13:02.232311,70.84287937749204,29.754521494242212,39.10263885496782,0.43857659057041243,0.06066087802766396,9.533286815681533,4.256520194213882,51.654862179480325
2026-04-25 00:18:02.232311,73.63848554973139,31.240175451435867,41.33648960451713,-0.16235716403508507,-0.16663164398183763,9.817252103535695,3.6828277103822495,49.37777145961443
2026-04-25 00:23:02.232311,70.57464778168435,29.600792640476772,61.09832955730704,-0.07407414084570679,0.08559087332081576,9.777914085855791,5.196762875552904,49.120255320819034
2026-04-25 00:28:02.232311,68.62883051217847,28.55768742873964,54.07737824918946,0.16128168478498578,0.08739881113752478,10.033077838758258,4.183493278426154,49.38735376100706
2026-04-25 00:33:02.232311,71.15154189174149,29.897797496505913,54.54789783848158,0.40361448410978346,-0.0803302457947209,9.952173131190921,3.993559004944878,53.203358524259905
2026-04-25 00:38:02.232311,70.42238288995729,29.503576694220346,47.68018806064106,-0.004295278274501911,0.19151038211237795,9.742582877311252,3.52735172760572,53.35778562867972
2026-04-25 00:43:02.232311,71.0177866776233,29.815789379641554,52.63699144330687,-0.03805448111350183,0.06058484163405441,9.891781181512453,3.4768738209746823,49.48997501014552
2026-04-25 00:48:02.232311,72.80993893647593,30.76626791636228,52.084414454138546,0.12707321482935122,-0.05052038025833756,10.039701322571084,3.3953469611658313,53.76525560704815
2026-04-25 00:53:02.232311,70.89784050143292,29.741146083005347,43.3218591976916,-0.12026382599427433,0.07597515498159498,10.108340953836832,2.7279369156320783,51.08718594085891
2026-04-25 00:58:02.232311,73.22154902534504,30.975121294424483,72.7884030308476,0.41403031012700997,0.08934945860637969,9.79383178628799,4.950216956847399,52.07644206243098
2026-04-25 01:03:02.232311,69.04777642153687,28.743773237726113,52.92813465868067,0.07082920127866672,-0.062410833043003454,9.65663915421841,3.4248603015837613,52.44597494197986
2026-04-25 01:08:02.232311,71.65583447904969,30.12940153373229,35.93296197380228,0.07318795083713839,0.145733329705703,9.350361854475679,4.369884415213867,50.36180387380446
2026-04-25 01:13:02.232311,70.70149586064252,29.61508493591446,50.65058582563007,0.00740865537479805,-0.15431224846900243,9.45889529663258,3.0562220917716654,52.53636179345696
2026-04-25 01:18:02.232311,69.81232769366478,29.13552591219234,49.240915301816194,-0.05333485043640259,0.00036942056676409754,9.811328574895711,4.404420183106673,50.33773313961252
2026-04-25 01:23:02.232311,73.19851136269415,30.936154534340663,50.19215143532384,-0.11263891615732262,0.42797005956800366,10.07122448218795,2.8477308090819506,52.268740689185755
2026-04-25 01:28:02.232311,72.12672264607313,30.359197884142123,67.14061209534967,-0.42785487590514304,0.14734074763457017,10.069748040343015,4.194069271381098,52.67068144019767
2026-04-25 01:33:02.232311,71.5292248644699,30.0351963992864,50.69390531916271,0.2613126067419894,0.06129536546990404,9.97445345863708,3.630792769196735,50.62443213739116
2026-04-25 01:38:02.232311,71.31239519512974,29.914217907637646,56.81138772989602,0.6922249987077352,-0.07731618482079008,9.611462856913587,3.3590878274301037,49.168145155830416
2026-04-25 01:43:02.232311,70.73771408763385,29.60238531563917,45.312983656641414,0.09546620288111983,-0.3063234495031928,9.38247867887859,5.071155445269127,52.29050204397762
2026-04-25 01:48:02.232311,71.73955511267019,30.13136452765789,46.966773413337386,-0.5328018254392088,0.21784208212196005,10.109808871690552,6.049995878389603,52.83248654542346
2026-04-25 01:53:02.232311,72.80585798857447,30.694723393472835,42.7456931143525,-0.20998934486242804,-0.11304753203539974,9.525825046472217,3.723377973669554,50.027283188950214
2026-04-25 01:58:02.232311,69.96632057825899,29.174967439970576,49.1936331646917,-0.22224796208991826,-0.2683457453094816,9.377264165814465,4.121176443892411,49.362496858277645
2026-04-25 02:03:02.232311,69.08428445089983,28.699212170711686,34.733278501039266,-0.30431196072812783,0.2616542280876886,9.529318315965005,5.255820794282424,52.14335496317684
2026-04-25 02:08:02.232311,70.7175954774946,29.564975383561563,55.738468215627634,0.3595017193093499,0.17263425258835727,9.52058411845511,2.994319822707126,51.76330910061862
2026-04-25 02:13:02.232311,71.77609160660516,30.124170651086533,50.16536347287252,-0.40072974283299206,-0.33695063873770914,9.617150393239168,3.9420329291247973,49.226884720358974
2026-04-25 02:18:02.232311,71.92055854539618,30.195883683774408,51.45664295752278,-0.14207789074777372,0.027906663840173263,9.971001693647183,2.6685037181552005,50.7570490759346
2026-04-25 02:23:02.232311,72.34281503449196,30.4157511432915,33.544296078898114,-0.2829912838194102,-0.05374922059993498,9.48089909398587,2.7923511090669306,51.45658010489563
2026-04-25 02:28:02.232311,71.07815680623631,29.735930753554477,40.646539017694764,0.09642197133445482,-0.5165552137361749,9.602851648910304,3.4247184392968792,48.80345169849177
2026-04-25 02:33:02.232311,72.88484833561124,30.694163567887106,50.491720766676,-0.25151480649594044,-0.05003370572181451,9.699931208165697,3.888922567481582,50.34468619087954
2026-04-25 02:38:02.232311,69.53291133884237,28.901127834943047,55.05373794826037,0.1943377305594452,-0.219568233098442,10.057506273975553,3.921784350393497,50.94411475855612
2026-04-25 02:43:02.232311,72.66194344975699,30.56460895943017,46.990575240458845,-0.23845298109691498,0.38051264713788585,10.236422641201168,3.344904060517149,49.24635601919588
2026-04-25 02:48:02.232311,72.36145838032516,30.399014254399198,44.76351518642194,-0.04820250619276796,-0.3519594806119088,10.20809017721249,4.136894299433637,51.66274095736159
2026-04-25 02:53:02.232311,73.82403408169853,31.17371862713099,43.34591376054852,0.16343294687506066,0.23644596785619953,9.61795731958778,3.8802957206435202,50.373775716350345
2026-04-25 02:58:02.232311,70.18729402884236,29.22878793094037,63.41379645853513,-0.16153289515918728,-0.09856514161517656,9.568939872922853,4.657713932537623,49.52948640988694
2026-04-25 03:03:02.232311,68.34775548705488,28.242364707319716,55.258409668713966,0.3134165813696076,-0.09051526026774726,9.644009933224618,3.7625141818218255,46.91564258036829
2026-04-25 03:08:02.232311,72.57210182941299,30.49001342191004,31.49106429497759,0.041530725734585903,-0.03222267462656102,9.624520045185973,3.509698132263293,52.59383911735379
2026-04-25 03:13:02.232311,70.80320974362303,29.541268308154727,52.95933521559107,0.3512019758588397,-0.009873373456291582,9.850460108402165,3.319890337079973,51.50972185764648
2026-04-25 03:18:02.232311,70.73560490522354,29.499876393007664,60.4849208965634,-0.14153235338678385,0.3661165243772889,9.977348023620998,4.815159480705681,50.55534917573807
2026-04-25 03:23:02.232311,69.29802294669294,28.727830013790676,57.05250922578988,0.4290334356603653,-0.1595111882090395,9.456768316570466,3.0450501087457167,49.13060652822487
2026-04-25 03:28:02.232311,69.3656089886063,28.758539901477143,47.76454147650873,0.3988990205300622,0.03699566640290189,9.481289390531511,3.9703248237134217,51.2940152425212
2026-04-25 03:33:02.232311,72.3651775788432,30.35297381493615,50.838633287877414,-0.036899611294255924,0.21251476497602662,10.016306790850942,3.824235901111519,54.01018355033357
2026-04-25 03:38:02.232311,70.55234638435121,29.38079450987309,40.08982031460794,0.2641163542256278,-0.35802058867967446,9.92602932851926,3.1263876565206092,51.00612544829702
2026-04-25 03:43:02.232311,71.36430673908221,29.808504031062295,48.987421113150006,0.06517606073301084,-0.12746940179448704,9.466375806548712,4.4849581742019975,50.6424121562626
2026-04-25 03:48:02.232311,72.2724788475411,30.28752648757302,39.2658644627392,0.08743653206331972,0.3131203095169873,9.454096983926213,3.101636231750321,51.72095416538098
2026-04-25 03:53:02.232311,71.76722493573084,30.01272173327356,32.60859428698129,-0.18109909687839404,-0.16413712610133074,10.241014626772136,4.920693805719152,53.025953789730586
2026-04-25 03:58:02.232311,72.44140575701078,30.36694883662219,59.9887748487877,0.3044374999014933,-0.3303261010888993,9.895295903299722,3.391533186387447,47.71146936501154
2026-04-25 04:03:02.232311,70.90517034466804,29.542287282038732,64.49540441195452,0.42250226776241245,-0.5362985826812796,9.721131774418426,4.255392376990007,53.30502685357995
2026-04-25 04:08:02.232311,68.6332071943418,28.325237600530727,48.12542113712051,-0.3113955776669108,-0.011484343353870614,9.909665881244694,2.846350041121617,51.63973032301623
2026-04-25 04:13:02.232311,69.95165467532055,29.023073589052068,54.48418769545922,0.13070987576460866,0.06852150138096001,9.370655330976005,3.71127562204099,52.425882942109496
2026-04-25 04:18:02.232311,72.65191300204376,30.457875361970448,55.35192206413959,0.1332207487906932,-0.5066496711470757,9.940005896952925,3.2075972521981853,51.7075469805035
2026-04-25 04:23:02.232311,72.21392227027306,30.21894430369207,47.1450109041382,-0.07443624431621314,0.0267642375068272,10.04738252919806,3.275592294218429,47.57706690807253
2026-04-25 04:28:02.232311,72.09054155878152,30.147805256229258,53.72154011728295,0.49632748335211674,0.01812476340895299,9.896919075954226,3.437949269567504,51.569847359464234
2026-04-25 04:33:02.232311,72.8865042019977,30.56698266461055,51.81626024660741,0.02340758287434514,0.05541352091576759,8.863249476202165,3.3582745545706425,50.091147132222574
2026-04-25 04:38:02.232311,71.87233596137563,30.02075693494477,63.96354532039961,-0.2873160252069929,0.15279613787285354,9.515856560829608,3.2763480491622445,50.55143286760291
2026-04-25 04:43:02.232311,76.83670850400097,32.66308628967762,48.489952604238454,-0.10343703549365801,-0.6252393308406554,9.618137083858837,3.771409829951987,53.12976696940416
2026-04-25 04:48:02.232311,74.58234784989759,31.455424606155148,59.53996310032396,0.5265156077522075,0.10921760430993105,9.560570317236861,3.855785677700146,52.317146205640704
2026-04-25 04:53:02.232311,70.23362638807113,29.130770491847045,41.76375029617404,-0.04284281928366662,0.2518846858357767,9.797378615713175,2.885444250473494,49.16247966996477
2026-04-25 04:58:02.232311,71.70039548863454,29.90771134414686,48.15032829250904,0.09306621502581931,0.2852307247274877,9.572818384942103,3.9690203330001257,52.47621177782354
2026-04-25 05:03:02.232311,72.00928363368932,30.067115686842072,53.34344557350418,0.3047597755392596,0.19264469883647103,10.264743086107787,3.5707060945879014,48.236800549698835
2026-04-25 05:08:02.232311,74.03522142127395,31.14227983888654,43.48132862450982,0.0047513360062442144,-0.021397893345601916,9.495363560548022,3.178959215977625,47.41909002356222
2026-04-25 05:13:02.232311,73.81942685034653,31.021853399724588,56.41153686233335,0.08717854648533546,-0.2072537762195868,9.896876057507546,3.9255078464208397,50.6237997716444
2026-04-25 05:18:02.232311,73.84199485644537,31.028553668309968,47.29024783023944,0.030866735120428736,0.11885778382176394,9.93412785317772,3.5879539121208217,48.9647488334265
2026-04-25 05:23:02.232311,72.00574610299833,30.043884998470883,52.50529047431499,0.18211861349024497,0.19618716451707,10.059947591555591,2.7472562194088006,49.90089198663407
2026-04-25 05:28:02.232311,70.49533367376038,29.232995701543306,46.098937851423265,-0.5494222207523575,-0.0685165379632029,9.848237612148015,3.3091549604276866,51.55729440773195
2026-04-25 05:33:02.232311,73.35793281405982,30.754379241702342,56.620647809479095,-0.2096909231112334,-0.2747331653517769,10.391508017048341,3.2848000800271016,49.42360835852251
2026-04-25 05:38:02.232311,73.38459990904076,30.763265691024838,53.45418672698638,-0.21030429450522378,0.20838602279836224,10.016947534882465,3.1771238151802006,54.87113035100142
2026-04-25 05:43:02.232311,73.4832422565174,30.810538941678377,40.6782361320242,-0.14978712906139535,-0.09706951157115717,10.052093871152675,2.8918619775245205,48.4775363294054
2026-04-25 05:48:02.232311,70.81330269606376,29.381235174769106,59.074471704472685,-0.15434128933526714,-0.1882227557871086,9.926935810537545,3.868199900340855,50.595193929652496
2026-04-25 05:53:02.232311,73.03427199560998,30.56041613319309,58.258276074483895,0.1464139886835234,-0.28527097999635437,9.890296507260723,3.2075073756387646,52.11893215096515
2026-04-25 05:58:02.232311,70.77823928623584,29.35186268685955,50.14795589372259,-0.1890081580840021,-0.15683216922096027,9.303256317045376,3.220922762753257,54.67937455161316
2026-04-25 06:03:02.232311,70.17480790204384,29.024696613956475,37.74479427665188,-0.13969704254426268,-0.29206659956503683,10.34841307693546,4.004709723864535,47.49289785664189
2026-04-25 06:08:02.232311,71.48804778222643,29.719755215386527,50.75318892970133,-0.032444381462249254,-0.30279384785712893,9.877928480335068,3.270260615547577,50.02821780706827
2026-04-25 06:13:02.232311,71.59046526178189,29.76904186981544,53.82851482265141,-0.17780084880311137,0.14695495914690432,9.719054048719437,4.725533317278443,50.14676355372508
2026-04-25 06:18:02.232311,72.35965881492609,30.173942430158352,53.98956581446791,0.025775735498338895,0.1434737126175146,10.250720784677728,3.627794671525035,53.629371518200166
2026-04-25 06:23:02.232311,71.40085534536674,29.65724457839269,48.54929581167682,-0.3712065960758974,-0.04690984087888495,9.494055594924786,5.452497763294968,52.87505470112929
2026-04-25 06:28:02.232311,69.59279322115503,28.68760877747912,55.17870277743115,0.08623190817155164,-0.869400996708745,10.44704218571346,3.92826257992779,53.770938609698455
2026-04-25 06:33:02.232311,70.40889014065907,29.117524466547266,49.670422616131525,0.11130681379580344,0.3203096497092741,10.389183549721892,3.95236804424184,48.545161405954886
2026-04-25 06:38:02.232311,73.39446565934037,30.704495408509967,38.93460588392559,-0.26906832554384663,0.2660725058651488,9.694170786884623,3.511565753742011,52.20386119561972
2026-04-25 06:43:02.232311,70.3547861680183,29.077997011804182,63.484582284910246,0.46103880455457263,-0.14128025158380103,9.931173994541783,3.4160636748507747,51.963565445481265
2026-04-25 06:48:02.232311,73.85338767876893,30.938581816203857,50.930541726850926,-0.1420011122232929,-0.3152754913019993,9.750933038406213,4.224272874876014,49.39163599716461
2026-04-25 06:53:02.232311,74.41722323715044,31.23395811267334,49.18986707713361,-0.33911816607147754,0.4482115234333042,9.916654927218687,6.0971625293451135,50.62656333739389
2026-04-25 06:58:02.232311,74.02793838040257,31.021003521073798,48.88185335959913,0.10301190820067252,0.14975825102262236,9.561481791670206,3.6248283120989466,54.65039407421834
2026-04-25 07:03:02.232311,73.03124379956112,30.484097076624366,50.656807483505915,0.3794109028982154,-0.00808827906850623,10.367958974133659,3.322466895347866,48.401413862342274
2026-04-25 07:08:02.232311,72.02424482023592,29.941694952983585,44.58131289424668,-0.2999423217298844,-0.3032218151859897,9.810102972247536,4.438557838584288,51.766943044088734
2026-04-25 07:13:02.232311,72.9618500555748,30.43641507716366,25.946739206731134,-0.16426051204495293,-0.07903285965485433,9.568763222832972,4.789317672400913,53.10740397285491
2026-04-25 07:18:02.232311,75.04838634360985,31.543898429448355,60.00231501321737,0.07198523187772671,-0.2589195213124858,9.477092603475805,4.223564094863587,50.40956745279003
2026-04-25 07:23:02.232311,70.24416597403427,28.97631156434071,36.25727424048006,-0.09593043482485825,0.30157216408401094,10.293442735395695,4.8005060770438295,50.50555860268954
2026-04-25 07:28:02.232311,69.48981560547199,28.56865536644016,50.54484124436648,-0.18105514853666763,-6.430058673419938e-06,9.683554004346778,3.5429775122271465,48.35295584775281
2026-04-25 07:33:02.232311,74.69185636927368,31.337741105800387,61.662599467643645,0.013934019313790862,0.18417833182251248,9.549807972778861,3.3153395720395893,51.4316649831867
2026-04-25 07:38:02.232311,70.55750510381124,29.12741776288642,51.20456093750579,0.16837574540687317,-0.09843536966697626,9.800939272079042,6.040564890661896,54.53813130521208
2026-04-25 07:43:02.232311,72.39854933358704,30.103972017432856,48.824951853754925,-0.025899048121988736,-0.19836485180916846,9.771805240100326,3.568999875381988,51.72592601586248
2026-04-25 07:48:02.232311,73.04993281084703,30.44604053730417,62.16176735277344,-0.09111179222678707,0.06557203963742293,9.657130545836342,4.124573696965964,54.88779417568296
2026-04-25 07:53:02.232311,71.26975981170088,29.491278936425562,58.572563766025894,-0.0595560644620722,0.015269737573167267,9.800341362575159,3.0434182702674026,50.45707345833779
2026-04-25 07:58:02.232311,74.26594807180908,31.083910007149264,47.0580372723419,0.15816343985442982,-0.1564123272369981,9.890330164107874,4.528093163949047,52.073492009899105
2026-04-25 08:03:02.232311,72.56412616749348,30.170935656846954,58.12431705873511,-0.4649569058666821,0.10818515151483325,9.999236409754776,2.611457637698831,53.78339668688473
2026-04-25 08:08:02.232311,73.99162376037813,30.92693170505143,56.295578409723866,-0.04736953970911493,0.06911129276012869,10.089425165281387,2.253049380943655,52.86266482977389
2026-04-25 08:13:02.232311,71.5480636867952,29.618363664473197,60.671234888486346,0.01683229279784874,-0.49221130463197404,10.039495996590507,3.2652908895923907,52.051352645145684
2026-04-25 08:18:02.232311,72.98679260677466,30.380349753794906,36.46642781037734,-0.1675941407516627,-0.011899926308196198,9.902773316522847,3.3562693657985614,51.59413974186357
2026-04-25 08:23:02.232311,74.03767653089194,30.935485178656787,55.16954632167587,0.25496284129893626,0.3276917736805738,9.489325698218602,3.0226612294593975,53.46156010088178
2026-04-25 08:28:02.232311,70.15500585126149,28.85939148151989,54.6696437661349,0.2451162130161082,0.22382406582757905,9.846854315462187,3.545279366901951,49.62013980679697
2026-04-25 08:33:02.232311,73.46084776532878,30.617171167688443,54.883130660311245,-0.11743199586333532,-0.3187413076549813,9.56662996645013,2.998379620454263,52.9242859283447
2026-04-25 08:38:02.232311,72.28128432099055,29.98273466270738,43.86862964364772,0.17555564301968052,-0.021886917656469447,9.892819111755887,5.2313775825129785,54.59294111323752
2026-04-25 08:43:02.232311,73.00916891615087,30.36560377879222,55.66443058929464,-0.08817134202971723,0.31258464245077455,10.066327514579775,3.386210503514623,53.443054670596325
2026-04-25 08:48:02.232311,72.20614062628755,29.931986022864447,47.4411522498241,0.10186872017187261,0.18995365567725137,9.797019595474977,5.237888526680324,55.02640212333524
2026-04-25 08:53:02.232311,74.18315658487522,30.981058532777205,47.833221918975795,0.07590729326445585,-0.07006375936196196,9.94579453545217,3.371670216601761,51.625461725391325
2026-04-25 08:58:02.232311,73.10552791200098,30.400987239243612,53.2251214362079,0.42095337335633165,-0.16323614903916847,10.079346482967265,4.578750212111684,54.124844137849415
2026-04-25 09:03:02.232311,71.42291984687353,29.498260269841634,74.88013790783751,0.16239277952971395,0.36972817155729404,9.853011196052325,3.933187844082106,52.740861775292785
2026-04-25 09:08:02.232311,72.66966165898786,30.157853234968616,55.467280864305614,0.37070521954946856,-0.22975328983148952,9.402370953192381,4.63605288609956,51.36011606490033
2026-04-25 09:13:02.232311,73.60487850419955,30.651299551080854,61.0881903598349,-0.26671406598248,0.1398860506924106,9.966340331926848,5.314306286094535,49.39894913828857
2026-04-25 09:18:02.232311,72.71600291089378,30.171896566650435,55.55648594244356,-0.29066245530610635,-0.19049641465580228,10.128305840126991,3.6467851525708914,55.050584576118084
2026-04-25 09:23:02.232311,72.79224285840638,30.20722187065649,49.263907553921705,-0.08661027648549066,0.1087791934662319,9.426702758872496,4.422257049310353,50.40320501857775
2026-04-25 09:28:02.232311,76.30321640109491,32.074405092089705,43.357033061689904,-0.25248395107141464,0.4964311744001491,10.038969490094711,4.456936989632541,47.964189752815315
2026-04-25 09:33:02.232311,71.83900356856668,29.688155580073982,46.91595486155098,-0.2426398063962536,0.2453591323889877,9.620807613109772,3.849495294422706,53.97896723428361
2026-04-25 09:38:02.232311,73.67037594385327,30.659551512226166,47.652575761868626,-0.32013333873538335,0.03054926329813435,10.108620717779191,3.8492516433648016,51.53789372475739
2026-04-25 09:43:02.232311,72.16417785499684,29.850909863502064,51.53123390757525,0.0770313826318084,0.18971303156861194,9.921720312304387,5.133702388720168,51.66482373288277
2026-04-25 09:48:02.232311,70.72552081400127,29.078290106970435,64.65875345363527,-0.3327794103663075,0.3962009535307092,9.804670739572256,2.9303836124588543,50.20739851698465
2026-04-25 09:53:02.232311,70.87390811662571,29.15209400036946,56.49210322100883,-0.007559545504562179,0.14333186040318036,10.001150673224513,3.5116557665910664,48.59223769612739
2026-04-25 09:58:02.232311,73.95013008925187,30.787409717769417,45.88107931384722,-0.2492876893610325,0.10954719573955907,9.620063003789749,4.1643227176024515,48.92558889900554
2026-04-25 10:03:02.232311,72.30335797252108,29.903795254179002,33.10518292408051,0.05985304765277605,-0.07758112499711182,9.800764705281072,3.7207066334743017,52.584898282323124
2026-04-25 10:08:02.232311,71.70616448202375,29.579956057913083,39.94860022097686,0.5909203374982688,0.26950910718660226,9.665728145678122,3.1298655986982586,51.72600205558111
2026-04-25 10:13:02.232311,71.57829107157637,29.506420904340487,47.342050298023146,0.3011513808888472,0.3778826641276261,9.867472815163296,3.9646649106573473,55.521124503133834
2026-04-25 10:18:02.232311,70.76032766843697,29.06483775466547,48.69799277930836,0.290051644973499,0.07798797028380247,10.105310113864178,3.066804281701593,52.175406432599324
2026-04-25 10:23:02.232311,71.81134896759794,29.620046446217316,44.30476813041135,-0.04485284105577944,0.1016282298170741,9.156694567135881,3.5271837766826164,51.46027941568701
2026-04-25 10:28:02.232311,73.09453670477565,30.299077238044767,49.291183421434134,0.12681137948428509,0.2113107484766788,10.08377275528968,3.2815929588171127,50.37054986672246
2026-04-25 10:33:02.232311,73.90054672950255,30.72361324989844,46.5933131114646,0.06705961532181745,0.35038790500896955,9.63448833972797,4.277264469105816,51.153871812591795
2026-04-25 10:38:02.232311,70.39852660576028,28.85053318256857,54.25566890903526,-0.17314441211561654,-0.21569247684527632,10.012484448473428,3.785127892085525,52.412185605174145
2026-04-25 10:43:02.232311,73.23275102169265,30.356783536398492,45.85496792509521,0.14918938640407872,0.2099076317585788,9.908535988916858,4.655992210293181,50.65838803147173
2026-04-25 10:48:02.232311,72.4216650671417,29.918868359303985,49.38917277939402,-0.5761452590121365,0.0640327792678081,9.404943479980302,3.900973372248946,53.323113043286284
2026-04-25 10:53:02.232311,71.50981707998804,29.427213431488035,57.66593661536985,0.6436447450845694,0.024158165612688815,9.914147340627704,3.630827392889869,49.660554748711874
2026-04-25 10:58:02.232311,70.49970286166162,28.883149847046607,47.5030908553668,0.08543564935966906,0.09158458453245935,9.632875877442235,3.9061310937468248,52.03022460808871
2026-04-25 11:03:02.232311,68.38895624721363,27.75208231800702,50.75331119790341,-0.1716764117016053,0.21847995691758232,9.881234322294235,2.6415624989767745,53.95884405963905
2026-04-25 11:08:02.232311,71.26940574859036,29.282986050740604,47.77876539264992,0.21152605927710738,0.48420725009622395,9.658238084253334,4.729081555150408,53.455330746304114
2026-04-25 11:13:02.232311,73.2207791322986,30.318382520717666,41.83369196335522,-0.37009374836074366,0.2811165985107122,9.685136879265407,1.831368255284389,52.76665621808154
2026-04-25 11:18:02.232311,71.7527987268035,29.530123636452952,59.620176066178956,0.24987422498991724,0.1906578832221804,10.041128806291027,3.2572924754463393,57.986241580301645
2026-04-25 11:23:02.232311,74.89736468897837,31.201889481612213,52.63555414440209,-0.0019900322903746294,-0.14107082305657695,9.810990737792135,1.7230723517482112,49.75082919204393
2026-04-25 11:28:02.232311,72.17810287953765,29.74628051524316,59.524085314957205,0.2954403137043131,0.266494918686292,9.778432873896833,4.945179823609506,52.46751210422426
2026-04-25 11:33:02.232311,72.41798005985098,29.868879010076263,40.154589136425265,-0.05857523104807944,0.20583602771970796,9.546209977960899,4.388533066385774,51.163183911349954
2026-04-25 11:38:02.232311,73.61340061790202,30.50110063970282,44.90452072585723,-0.06854134620741659,-0.2595015195459767,10.059582471124292,4.231059099781517,50.37996280171819
2026-04-25 11:43:02.232311,71.83100387240758,29.545153040771787,51.979581050877925,0.2008260187244466,-0.1874400126367331,10.259719109971803,3.6548556498890274,54.1210853106349
2026-04-25 11:48:02.232311,72.91642344327643,30.11870747723451,45.25233410319085,0.053487303301520954,0.6013114707952093,9.86122312241742,4.1547157928120875,52.24160115988601
2026-04-25 11:53:02.232311,73.95519927054818,30.667385250445435,35.947677086977734,0.28177136820996884,-0.009368925987308702,9.76883716027574,4.2434968258434935,51.66618701716753
2026-04-25 11:58:02.232311,73.20663457342141,30.262814743977167,45.7993167587039,0.3877900168000078,0.6877642775128516,9.83400774095335,3.222209089030087,52.560595247795455
2026-04-25 12:03:02.232311,70.76131797481416,28.953309890052626,48.237768183229164,0.3320059988941347,0.11758542808379072,10.19850973207082,4.560448122693004,54.93010870382809
2026-04-25 12:08:02.232311,71.63009936853874,29.41132396537174,50.42491685059006,-0.08551722734395063,-0.17318471244804265,9.98858799743228,4.27205780572276,49.67567091999759
2026-04-25 12:13:02.232311,74.19070091064722,30.771642119828922,52.62594116554106,0.2780409394318138,-0.26810874525149464,10.208563693204184,4.409480864798827,52.3223355481747
2026-04-25 12:18:02.232311,73.47730843479867,30.3858301313757,48.8123754828091,-0.15581462424106257,-0.3827463150814784,9.905792224244518,4.343191855532983,53.294072446962616
2026-04-25 12:23:02.232311,71.615002400574,29.38726424512187,46.46948509876879,0.24206670210798045,-0.06459425717416833,10.171854653907431,4.589018495516555,50.91788579175643
2026-04-25 12:28:02.232311,74.11228501488065,30.71381230475142,45.87344008332446,0.18598082766278182,0.3449995837484237,9.732865742355871,4.340059277272343,54.615923464165725
2026-04-25 12:33:02.232311,73.10637462175194,30.17199076041544,54.96202481572858,-0.3323504925697383,0.046313879772338695,9.843326398728736,3.492801353653266,48.3344667748789
2026-04-25 12:38:02.232311,73.46199975318518,30.356321495845833,71.19282615876875,-0.27119684195956184,0.05635054337976425,9.58837172305014,4.97160628195668,49.74010867507623
2026-04-25 12:43:02.232311,71.68377440794805,29.402598643718697,51.8620225131301,-0.26313156140959454,-0.08595317825757902,10.038423723637832,3.2218743781177883,50.06168739630302
2026-04-25 12:48:02.232311,74.18364238579844,30.73052556390491,48.012007074597875,-0.329799922392804,0.004579473013246897,9.755201482815165,5.331525490030947,50.71637428007772
2026-04-25 12:53:02.232311,71.54219261044588,29.31641634904954,44.878574268491434,0.15533688608461352,0.017151433819541796,10.209101346766507,3.941422728231171,48.66856086192597
2026-04-25 12:58:02.232311,70.39412920064922,28.698779862490657,39.63351281043087,0.0590229604241287,-0.09016317469115925,9.725670515026756,4.35696268266012,49.71241205727396
2026-04-25 13:03:02.232311,76.344782879293,31.867125823100004,37.29739069508089,0.417126132121509,-0.20109553536753869,9.734703075956222,4.472369692468224,52.48223641490705
2026-04-25 13:08:02.232311,71.59370852338725,29.327883498616274,52.498856163267234,0.01605134781338157,-0.02421167798439643,9.76601922570494,3.7763810364141146,51.34204185094597
2026-04-25 13:13:02.232311,70.62589954970495,28.806382711318385,57.174685470788475,0.5190887521029994,0.17698486512284275,9.434078894361116,3.915048632930894,52.92334886340329
2026-04-25 13:18:02.232311,71.97673965284068,29.521494764990095,54.782670421180455,-0.4214106699566203,0.19126297406789206,9.542188654375801,4.81984534097197,51.94389008678249
2026-04-25 13:23:02.232311,70.18368895765612,28.559865059557666,51.797219941396676,0.22732030274278292,0.11164528215485095,9.627222033378944,4.618335261539592,53.81329739810117
2026-04-25 13:28:02.232311,71.64804524777179,29.33551907961869,49.895627588168736,-0.049505575045310474,-0.14331395931386104,9.644385711071923,2.259437854888822,50.980100969146754
2026-04-25 13:33:02.232311,72.25075195501236,29.651626655479667,50.04122286797169,-0.3995272102617328,0.13759983170847545,9.283322114884367,3.0204271718242897,52.689597892229365
2026-04-25 13:38:02.232311,72.71892610998938,29.895983536800077,58.530218351996616,-0.02202056910959494,0.18292810058333434,9.840978817722501,4.494692914821712,53.80237744847861
2026-04-25 13:43:02.232311,74.3843083642269,30.778851404392746,51.43168706450828,0.17007823060517283,0.4849880841458302,9.396922286102507,4.609049254907138,48.87852460990919
2026-04-25 13:48:02.232311,74.73264370756948,30.95929425284146,56.01387296479164,0.16774348418965127,-0.46429645824107785,9.341142260063837,5.32767382823827,48.93107949236453
2026-04-25 13:53:02.232311,73.19212033618686,30.132345786770056,58.923858206465184,0.34513083698376995,0.17689618980452643,9.890016752505224,3.7136518589854774,53.08796039462063
2026-04-25 13:58:02.232311,73.39104218389906,30.233101437549234,49.12293863670975,-0.08356991286438675,-0.1100693806579131,9.666249157918656,3.376498992402104,52.91563368104525
2026-04-25 14:03:02.232311,74.56934839371505,30.85619541478376,53.105008754815174,0.5364116181698171,-0.09386556818177588,10.213589346008545,4.226285892147939,53.83133598065382
2026-04-25 14:08:02.232311,75.25041628089768,31.214095619947166,51.168237102976185,0.40505263700040095,0.06564127273497067,9.879760245935735,3.469529891354073,48.82927212144877
2026-04-25 14:13:02.232311,72.10890862160842,29.533288866992223,39.00418454828201,-0.057387446003763116,0.054852183600729854,9.841731163795945,4.4106803173868085,55.17095117034114
2026-04-25 14:18:02.232311,73.35646541724422,30.19331648999732,48.496752285964085,0.1757956295778609,-0.028142386356690974,9.649807981613282,2.152118354283653,50.44029145400921
2026-04-25 14:23:02.232311,72.51373400906091,29.73852373763222,51.71035281071103,-0.2227242872727723,-0.3955874803849772,9.709631213741797,4.332220020233469,54.68281294353492
2026-04-25 14:28:02.232311,71.45865721922844,29.17048011505424,46.36326444116017,-0.1795858534031255,0.372436591920321,9.825094222286106,3.6164237836656428,51.147126733488264
2026-04-25 14:33:02.232311,75.24452512713329,31.184273664602816,59.621629072483536,-0.07577688372167858,0.05011152802679501,9.873251017596584,3.5956092119887315,55.40692046327825
2026-04-25 14:38:02.232311,71.66513663563178,29.269930467801352,45.55890334601448,0.40427277296834746,-0.2776957248720503,9.824114163190398,4.081573882906118,51.63994461928047
2026-04-25 14:43:02.232311,74.67684976453705,30.870841468550168,47.12601700592095,-0.24818322214129102,0.059222418113145166,9.631877877823081,4.058301561790607,55.28887904734879
2026-04-25 14:48:02.232311,72.04632048737507,29.462556519396433,64.52486585565953,-0.3081053265624042,-0.0780243230112826,9.742283300475076,5.545072223913062,47.88602432541579
2026-04-25 14:53:02.232311,75.24321142372085,31.16222901744685,60.58623250359078,0.3568553496355686,-0.26056440945449133,9.773105826831886,4.6977870597646625,52.08331716507469
2026-04-25 14:58:02.232311,71.62717732520325,29.228341496903465,57.90473516296251,-0.1788441718419055,0.1445763989879381,10.121950147676971,4.474629049733807,55.2874114544754
2026-04-25 15:03:02.232311,74.48186051046594,30.74550319437623,51.17822460186223,0.24541480789318748,-0.36905300246390144,9.695550944143715,4.112049744991111,49.62081029914361
2026-04-25 15:08:02.232311,73.32582768832101,30.123616354564938,56.064851689520495,0.25993888175324925,0.21571300859504697,10.324212347545247,3.093323549307719,54.94180812567161
2026-04-25 15:13:02.232311,72.32196023859748,29.582884380045055,42.76259046804847,0.6327815134147389,-0.06489191741092132,9.386885731687554,4.108832855686559,50.35298625821368
2026-04-25 15:18:02.232311,72.3185988851955,29.575755656896668,62.635456489799665,-0.3021302664656022,-0.1446556749722975,9.95700480186494,3.8223167869548056,51.13977829505414
2026-04-25 15:23:02.232311,71.57707671417705,29.17494116435282,42.49199559644735,0.10798475425339324,-0.19806514389953353,9.355393236753748,4.590899267626789,49.08804247491607
2026-04-25 15:28:02.232311,74.26054490164992,30.60078819633769,45.30966196106048,-0.14336297425300584,-0.16922668777379157,9.670983376817846,3.615741845905803,50.98756218846804
2026-04-25 15:33:02.232311,73.5348243309156,30.208401223945383,64.23816198725685,-0.32177864578702076,0.04747547257004104,9.949101525169507,2.0745365638453994,53.52253019370162
2026-04-25 15:38:02.232311,72.27180597872326,29.529455434775464,55.28312290772843,-0.12020382703589388,-0.4174184255163461,9.674957698261908,3.5613489351782697,53.145886813461566
2026-04-25 15:43:02.232311,70.88441160640998,28.78417576820772,56.77082026161556,-0.40316946036236445,0.13075593440606723,10.47479868287916,4.1752147441514875,52.80848747839986
2026-04-25 15:48:02.232311,74.16192013300447,30.52684431439078,54.666285257063535,0.2671233066362063,0.6543231867377244,10.15503651171606,5.722341536467086,49.0705278490417
2026-04-25 15:53:02.232311,71.96574703951904,29.350215996531215,50.98561472515187,-0.22654713773975915,0.13647974563494883,9.675205190948235,5.943868841773568,52.158447160434875
2026-04-25 15:58:02.232311,72.86558642962159,29.824794336585246,46.94063047693937,-0.1565165882567542,-0.3643007925395069,10.01129634303294,3.59532429986976,50.68971025418265
2026-04-25 16:03:02.232311,74.42402141732869,30.65062366202836,44.84879156343842,0.3763745212088269,-0.14187416093343586,10.272373238326496,2.953438758418006,55.29085969082745
2026-04-25 16:08:02.232311,74.64973250791623,30.765666909007717,46.28792499722147,-0.21417618360183835,0.5490637474592411,9.843087317703182,3.3748635918895253,53.83769317241165
2026-04-25 16:13:02.232311,71.31165861454029,28.980024831206546,43.767390411505986,-0.13001808309233656,-0.35485513328778806,9.172467656811229,3.8988373846137687,53.49819095597921
2026-04-25 16:18:02.232311,74.61274757293889,30.735269607685137,45.02956607098088,0.036825903460283665,0.19365086447867674,9.328797770763867,4.22324892368165,49.06267045487936
2026-04-25 16:23:02.232311,74.71013211305436,30.78187202774605,43.72770015705346,-0.22632496683945483,0.1634039700788494,9.560825450430519,4.975587663408507,52.70828554604677
2026-04-25 16:28:02.232311,72.37299554353193,29.53006318933342,48.102119677077546,0.5293680889546254,-0.07644434031376432,9.83901372540678,3.203340975603164,52.503356181179875
2026-04-25 16:33:02.232311,71.9061492887887,29.275742518803032,41.23194980595079,0.05049716521074824,0.1005388957020808,9.40089309030109,4.487292363010496,51.25784557095119
2026-04-25 16:38:02.232311,74.1620532237764,30.47355528279581,53.71479061285058,0.49737040142181377,-0.5718823444717656,10.153486906031711,4.487517001392291,54.37630147661254
2026-04-25 16:43:02.232311,71.35367009787188,28.970414947646063,41.10923791409685,0.2390451223866166,-0.13376541895825356,9.277133202917499,4.646110530282679,53.49421676377078
2026-04-25 16:48:02.232311,76.90089670537176,31.923599803645335,38.751895240922344,0.0786578230387513,-0.5465549190260123,9.65404382104512,5.765351370753244,52.77685470218036
2026-04-25 16:53:02.232311,71.20160685569631,28.878642549151085,36.35162148197271,0.5188406839447812,0.06729242172004574,9.581666787291407,4.383871860666497,50.61125305021536
2026-04-25 16:58:02.232311,76.7324675456659,31.823098915800866,53.146694865669495,-0.3577695316082424,0.05032710811266462,9.762893884522546,3.959771799406619,50.2527399867474
2026-04-25 17:03:02.232311,74.31311910988906,30.527443748719218,50.67961131145497,-0.0038123326083292883,-0.0102796636872878,10.11444048949407,3.356986651601484,53.22189790597561
2026-04-25 17:08:02.232311,72.18478812029853,29.386997886270272,61.504086526244066,-0.04211944463669028,0.19092555922865243,9.575756952880878,4.294081116666212,54.61592540848152
2026-04-25 17:13:02.232311,73.0469559085027,29.841484705311828,44.381939022099196,0.2210991631132251,-0.30213783207372935,9.19911752452216,3.8726429796116433,51.1252413760423
2026-04-25 17:18:02.232311,73.33291345054931,29.98865939306936,54.684086538904076,-0.4126645166311801,0.30849359933896053,9.389145014596467,3.817534035770821,49.3916853720558
2026-04-25 17:23:02.232311,75.34443711539787,31.056136012987917,56.279937261043095,0.04785315717329207,0.14572324906181405,10.270123629194728,3.6988286933662717,49.39717551374619
2026-04-25 17:28:02.232311,74.38381642505905,30.538468976806552,56.178667780020156,-0.10069264095201476,0.14263555080476445,9.436406254202158,4.54869695733341,49.24259398592326
2026-04-25 17:33:02.232311,73.37061897242873,29.992761000736373,52.31356597254792,0.5824079899555896,0.22687824636070178,9.492809977495158,5.2834080286775,51.84732658981035
2026-04-25 17:38:02.232311,71.95083963280123,29.230209351601047,33.736722381273765,0.0935168049597066,0.592623942148096,9.047485136394219,4.121115454206796,50.384601834289214
2026-04-25 17:43:02.232311,73.17614823996449,29.87837127408745,62.777311659118055,0.027357410424336894,-0.01695607197846777,10.228252166529186,5.124747508337738,51.37445491346531
2026-04-25 17:48:02.232311,75.1569679073115,30.92947242867185,54.02283682867813,0.1101525242233597,-0.3056051188701149,9.928345787487626,5.331761988044012,52.316662910712985
2026-04-25 17:53:02.232311,71.70477866849708,29.082968833303493,58.01451796690298,0.23530456601713998,0.25796021360249677,9.532793082311972,3.327461156282992,51.28121678670552
2026-04-25 17:58:02.232311,74.03005388565057,30.317779614451354,51.07504360166366,0.30143564671005313,-0.04061886306707457,9.54343124076801,4.326758469515119,52.53321808890671
2026-04-25 18:03:02.232311,73.07595580968878,29.80359130593774,47.3878968113271,0.051296411209905295,-0.19204658739763228,9.788787042764325,3.195143107371516,58.19545377102216
2026-04-25 18:08:02.232311,72.23541513767144,29.34996694619448,58.94109852723573,0.06494398530057593,-0.0784024941054118,9.77901583925643,5.603110046839189,51.15892107858659
2026-04-25 18:13:02.232311,74.59673144248674,30.603999640761984,57.7443556940221,0.13510131207728057,0.13574761148720557,9.85341335387035,4.829003102151592,52.43874491991443
2026-04-25 18:18:02.232311,72.08492517839747,29.259033631913702,59.79186088795336,-0.29975846561458697,0.038291121027071454,9.93678061577387,3.510709589176485,51.45905582859404
2026-04-25 18:23:02.232311,73.6730266055942,30.10068505841796,53.08286824370737,0.405920928394913,-0.07312659539508415,9.56199354433454,4.477102446760321,54.45422456216502
2026-04-25 18:28:02.232311,77.60390249312351,32.19181619709959,52.428339268747386,-0.3425213212613332,0.10879213477390533,10.186282065040395,2.9768494224535775,54.411751268994315
2026-04-25 18:33:02.232311,73.44807114895038,29.97003681220658,58.89361538874997,-0.010808849910424157,0.1766160935112065,9.590596100272606,3.316006424032544,52.7377323749483
2026-04-25 18:38:02.232311,71.29127157310505,28.814407703755073,38.46987703028384,0.17290335349445574,0.31107306771656923,9.481753638839423,4.947168970465848,54.63602754355691
2026-04-25 18:43:02.232311,74.89891252585872,30.73314687722304,58.51180669333342,0.011297880074843988,-0.046009542583849095,10.217404726381057,3.4154355097617746,53.46473186256332
2026-04-25 18:48:02.232311,75.29310373423381,30.93804618702241,57.7181059242828,0.3427681977198487,0.297966195682464,9.744956866922303,4.119668831198158,50.63648785636228
2026-04-25 18:53:02.232311,72.43494987697397,29.408361461816504,49.36908609187423,0.2661302433763794,-0.34304106669330797,9.423563684751926,2.847642415282722,52.22227795584566
2026-04-25 18:58:02.232311,73.98053399544614,30.227336990334315,45.172648008530416,0.28712277392290786,-0.1920789004210739,9.48715337974034,4.318202635145537,53.05045182711699
2026-04-25 19:03:02.232311,73.84472860406225,30.14957144692892,45.168107644536384,-0.09629850588723562,-0.40842048184956864,9.683940691642574,2.58917722337101,53.518668999474095
2026-04-25 19:08:02.232311,74.78527662645706,30.64586105753882,46.98620783649195,0.632170486276925,-0.07217744042612266,10.468429635892951,4.120704206206738,52.71890648174273
2026-04-25 19:13:02.232311,76.18884781606901,31.38909635733119,51.03744215097913,0.17315696663125357,0.20092892608443608,10.32695413509739,3.051986093119706,54.86768391720498
2026-04-25 19:18:02.232311,73.7637862154396,30.090394168994834,69.73461834609984,0.3402240480794289,0.005465936206450447,9.801112912210925,2.0680860484930337,53.017485647773235
2026-04-25 19:23:02.232311,73.62633165910216,30.011749070947538,35.963342369949515,-0.5893489423538508,0.21206837165779485,9.666745871533417,3.572050520879757,56.99238114944001
2026-04-25 19:28:02.232311,74.27704893430206,30.353462283053474,45.37682880293471,-0.03207838007198321,-0.26612524307688934,10.122197838616511,5.082672278348758,50.52260727324119
2026-04-25 19:33:02.232311,73.6873275213867,30.03360819483129,61.00423737397155,-0.06406908682481127,0.04995446553281381,10.388069878070798,5.328079806090669,55.45667843099196
2026-04-25 19:38:02.232311,72.80907784939807,29.559872368436675,46.414057452646276,0.08848059539399201,0.10682337267912831,10.212653846906234,5.446297835427254,48.75066811640573
2026-04-25 19:43:02.232311,76.28796162859315,31.409941049340063,46.79868736356733,0.23649259839177783,-0.14336420777787534,9.709228677905948,4.343350809527687,59.50593636082595
2026-04-25 19:48:02.232311,73.56651697002988,29.953167896772314,40.254144084667,-0.2954623182308881,0.017861900181318228,9.87989924273173,4.623499606250346,53.52866068827867
2026-04-25 19:53:02.232311,73.51362513532924,29.9196229169313,44.86702991542779,-0.029611043620976784,-0.01868523725684963,10.246289550501512,2.4467901102511598,51.22553743804787
2026-04-25 19:58:02.232311,70.94743579489348,28.545652600698233,58.71918524278549,0.1536410279645042,0.2865557583766179,10.093301654272027,3.854485658136748,52.64898400465116
2026-04-25 20:03:02.232311,76.92971178365922,31.73086379337262,53.51139998264342,0.07105217893432338,0.17796078659419007,9.41552414352715,4.2441391156882435,52.3374756978639
2026-04-25 20:08:02.232311,73.59312637564571,29.94601557443142,50.3724764720423,0.14218351685178554,0.183775109148359,9.433930773733124,3.158903418342316,52.68216237642923
2026-04-25 20:13:02.232311,72.2623512036875,29.230932814719715,60.535748401874265,-0.15550797827726248,0.23038728151321083,9.459221600766824,4.918243598309776,52.29835421701018
2026-04-25 20:18:02.232311,74.3009206418545,30.31283384707478,72.64179790729258,0.18088118568508196,0.37433025298845696,9.959596145396615,3.6096074821092605,52.37503513830695
2026-04-25 20:23:02.232311,71.95395179934775,29.055781129737174,46.63478753375051,0.40972833423908217,0.25880839705374986,9.869421394295339,4.653092952087503,53.09246188553882
2026-04-25 20:28:02.232311,75.32318207257312,30.847367940790036,44.27664322008575,0.45090759749610954,-0.31872564337153225,9.529515108698478,3.11180224560438,49.23504444707832
2026-04-25 20:33:02.232311,75.17720819685617,30.764179205740334,43.45101020219136,0.1341247107163864,-0.26292758619872436,10.047997360433603,4.723776232391366,49.935277910334875
2026-04-25 20:38:02.232311,72.30742073721838,29.228289892599506,59.54998783240104,-0.15347642530073977,-0.19227036180381957,9.789138425417443,3.9278660947101542,55.33821313160392
2026-04-25 20:43:02.232311,73.76749728516918,30.001661383505937,46.95881382360397,0.07078423813659875,-0.33578756775597735,9.96525772404445,3.973398501507852,53.26185551402676
2026-04-25 20:48:02.232311,73.77268779543377,29.999093654313054,35.57586016035271,-0.2557919239492119,0.10018017036683702,9.694746058602837,3.838223170033642,54.685580112673954
2026-04-25 20:53:02.232311,74.45478512822132,30.357542897132408,33.4046981521359,0.565736512871034,-0.38301276120065497,9.63057129054844,5.188634819434095,55.423882574174456
2026-04-25 20:58:02.232311,73.35267306640102,29.764413796160916,44.43751514911837,0.2173947340739938,-0.34550358706764456,9.698045855308543,3.466231575176799,49.57629831840327
2026-04-25 21:03:02.232311,72.43816089691447,29.27133797110076,45.66286463844279,0.1352667164713489,0.1382328430408262,8.91519478882954,4.179334713469023,55.55292765596336
2026-04-25 21:08:02.232311,73.70680654138918,29.94261298015327,52.148009786752176,-0.29330884103704746,0.4258244875636381,9.57071047297195,4.786685269410995,54.11669744862741
2026-04-25 21:13:02.232311,72.76871928895521,29.436963777521154,45.9966667285698,0.4249328487609016,-0.23935873705030902,9.955831774594786,3.551036298113992,53.45265182337781
2026-04-25 21:18:02.232311,76.26875610599734,31.298314078609614,54.528927757221105,-0.5270060796593844,0.11170135927703996,9.390183018057787,3.593200671360232,50.10526536502674
2026-04-25 21:23:02.232311,73.02061558363086,29.56063646534683,55.664990590654554,-0.21204867870802413,-0.18876032271359972,10.314767663641993,3.753611374313926,56.283054164600095
2026-04-25 21:28:02.232311,73.71563665533989,29.92597836892432,58.64884883697362,-0.17472609961705635,-0.37653552039889177,10.4513732092596,3.8173692425355545,53.15281572032097
2026-04-25 21:33:02.232311,73.3969295822887,29.750665261963015,49.16575478983333,-0.4848949055142014,0.005627687338453734,9.488510884780938,4.089234117617449,56.03805293732914
2026-04-25 21:38:02.232311,75.13460826017788,30.67209122216991,59.71868398210905,-0.13609757712280082,0.0036914115137983076,9.569169748544752,3.19440819870943,52.017840039123854
2026-04-25 21:43:02.232311,74.6903993650597,30.429843810106213,61.764486071213234,0.2923144159968151,0.21683341475150855,9.657221207333873,3.6135877032805537,51.86124633153226
2026-04-25 21:48:02.232311,75.03604055616061,30.608849777359367,41.92964532416539,-0.06451570961473636,-0.31578929314177673,10.132462851698884,5.542501235710031,52.883497687302444
2026-04-25 21:53:02.232311,74.67625737757042,30.4116294141106,59.824894632162625,0.42867569644402836,-0.30137817230500363,10.202178439647868,3.08961509257517,53.096507082508744
2026-04-25 21:58:02.232311,74.75274788051627,30.447088347681046,42.17336004577982,0.1558483147591468,-0.14666634776483134,9.820322707651481,5.281898902447498,55.77620758776428
2026-04-25 22:03:02.232311,75.07637007379832,30.614350849430803,57.273070145500576,-0.06904583368638806,-0.05756814769042244,10.45730481384823,3.8076264511292415,52.957662712718104
2026-04-25 22:08:02.232311,75.07340513710663,30.607433548527908,41.60945448879521,-0.06725525167211165,-0.03944896369950387,9.617364914488437,3.5741522540116413,52.851823788522665
2026-04-25 22:13:02.232311,76.33402117559245,31.274426101053013,52.51908916923386,-0.02628550704356393,0.28817982162466715,9.661950817972542,4.184967193820273,54.65155095159944
2026-04-25 22:18:02.232311,74.53944963046317,30.311985275650056,48.88435999202564,-0.3220315741055385,-0.28852003948795457,9.508574761214106,3.30483362918931,52.50689850041409
2026-04-25 22:23:02.232311,74.67034486127811,30.37646006408402,52.75136234860974,-0.5154425297116718,-0.23376726574557688,9.890765127066636,4.606175350634244,57.48703588696692
2026-04-25 22:28:02.232311,71.72378821196678,28.799627183117316,37.47260873008861,0.5760811365592503,0.0798989112283181,9.89527789251642,4.574425810401922,52.01104919748072
2026-04-25 22:33:02.232311,74.4562156929197,30.251585838291536,53.536555194048994,-0.18761552478223162,-0.29738844043670754,9.73254229448773,3.8585989596407977,56.618703418096885
2026-04-25 22:38:02.232311,73.05008918655655,29.49631570023053,47.52475073623833,0.01493262016722751,-0.5675252695048573,9.923359406138719,3.939680484430352,54.247112131471134
2026-04-25 22:43:02.232311,73.74547526733032,29.86185227530921,51.941771284873965,-0.15080057763534632,-0.1270368941097514,10.112112670332085,4.57698419301787,54.9704558547936
2026-04-25 22:48:02.232311,71.36774571438778,28.58839384573918,49.91403926485008,-0.1068987206296943,-0.044144896859303166,9.502437748747036,3.9906372858525314,53.59820868008098
2026-04-25 22:53:02.232311,75.15246418446772,30.60157436178115,60.40952120312481,0.12852636744841153,-0.11695330292776691,10.335833604334146,3.4248884885011424,55.92085914138236
2026-04-25 22:58:02.232311,76.27430450064058,31.19455319573935,52.61888881718236,0.36559293961131584,-0.12650884314483332,10.227461063151718,4.6525936450703655,56.84179200332273
2026-04-25 23:03:02.232311,69.9105482618385,27.795213867044232,43.82032656971389,0.2427237772778143,0.15878928598789974,9.678389739039751,4.000624850421289,53.26874652569399
2026-04-25 23:08:02.232311,72.45499542085359,29.14691635051828,47.64686281871449,0.4223419880486475,-0.33177577293804195,10.03322722414893,3.0135821452317826,50.29779772699276
2026-04-25 23:13:02.232311,71.95721025283146,28.87609492623914,49.89707631700803,-0.12623210185950257,0.12456928772206306,9.132316245130427,3.5627250941271384,51.52097278110992
2026-04-25 23:18:02.232311,72.98954778352073,29.421338941272754,51.47163745807677,-0.1742282965256263,0.16243100746229336,9.900779400522238,3.2608647595457456,54.8800088231003
2026-04-25 23:23:02.232311,73.88612524169186,29.894177584296685,51.50968338099441,0.1349864851876807,0.061670137365521,10.34356533346774,4.206285593089259,51.14427223280323
2026-04-25 23:28:02.232311,73.37195845257497,29.614619295433684,49.679823569534165,0.07174424659626989,0.11441955990481736,9.64236048316117,3.803017584806656,53.822401234754544
2026-04-25 23:33:02.232311,74.70906419366574,30.32240635601476,62.42115930556456,-0.31954619494639475,0.18809073503170995,9.813721005373006,4.314639429937793,52.902112573413774
2026-04-25 23:38:02.232311,73.5543501337024,29.70122285603364,45.391091903863284,-0.00943916248744308,-0.12310268733944701,9.629729958620976,3.399720108025811,56.23518511749941
2026-04-25 23:43:02.232311,74.6994471823465,30.306605280643165,51.37204017193014,-0.120951466757209,0.12466179335221485,9.846493652469933,4.167519487982,53.241551646095886
2026-04-25 23:48:02.232311,73.88726843041988,29.86810727828163,49.534727274631855,-0.04646436794027178,0.04896125208221529,9.703499681030161,4.381995315327674,50.52504385954627
2026-04-25 23:53:02.232311,76.42263443061779,31.214966477053185,44.642266389995896,0.2631483373480746,-0.49642474132150743,9.501066667195118,4.5279058490355055,53.96398002666023
2026-04-25 23:58:02.232311,72.76069321482467,29.256595160629523,51.818328022410476,0.10639048040710673,-0.26486077227936966,9.0885627229515,3.7344931288474115,55.63638682904199
2026-04-26 00:03:02.232311,73.70623795301681,29.75554968633132,51.557705207378866,0.33604998372865125,0.19314260915552045,9.988723440385296,3.876460801033743,56.41418700473901
2026-04-26 00:08:02.232311,75.97076273430488,30.957960235017634,57.25128911554085,-0.39779475021176125,0.284736932611903,9.701913574422983,5.572653694791578,51.03723545367698
2026-04-26 00:13:02.232311,74.30425837049704,30.063821906319447,34.98669405079427,0.1984695195687033,-0.19089411481061394,9.705947473928545,4.541979687905381,56.698555653351995
2026-04-26 00:18:02.232311,73.44621080915041,29.600860538933908,45.75587768021939,0.3201038125315832,-0.39825580814947564,9.938712847060144,5.471474096919911,56.38682092779457
2026-04-26 00:23:02.232311,74.11357455613127,29.951451869323037,53.277648963115446,-0.05275225636288882,0.68083487047691,9.379579398753135,3.4505314925029853,47.142779880834944
2026-04-26 00:28:02.232311,75.51651006721822,30.694348140568742,48.48165204229448,-0.19601501712044556,-0.18333415513024431,9.664199113952511,3.091234708808899,51.31094626799533
2026-04-26 00:33:02.232311,76.8961742089927,31.4248330148478,40.10300473262048,0.38378875432088255,-0.3872673664319832,9.971048077500154,2.3868238091645972,52.0501675865449
2026-04-26 00:38:02.232311,72.78482165377062,29.226775650728698,59.58782814925239,0.23520671377465724,-0.15725041462822834,10.114195717224344,3.4194296128597914,53.58197769047246
2026-04-26 00:43:02.232311,76.06376909634959,30.970211618770133,40.48683187739352,-0.27885238060846823,0.08472169200201746,10.070199756972263,2.999827382485366,54.09452317940147
2026-04-26 00:48:02.232311,74.32123831686252,30.03552586837637,49.4480546809599,0.23569261664182065,-0.30165957899251317,9.581913887035043,4.423211481314937,54.03085086747703
2026-04-26 00:53:02.232311,75.02953470914326,30.407947942925432,48.1971192273251,0.3338135965323402,-0.2918691306149547,9.641245072622283,3.987875705999825,55.62839644237088
2026-04-26 00:58:02.232311,76.55911813314145,31.218389767723803,30.26417889490774,0.12361935309146159,0.1143723270543289,9.946788492298895,2.766467218604576,56.572443906773465
2026-04-26 01:03:02.232311,74.53287030391635,30.13238825746975,57.14837930819143,0.35365965731941457,0.252038499631989,9.526862299332812,3.3966915118616736,53.89496381211529
2026-04-26 01:08:02.232311,74.82618677407145,30.28348770688513,48.29920506945094,-0.21283676973402973,0.3840750793956305,10.209869415502947,3.429835782327742,48.980319933145104
2026-04-26 01:13:02.232311,73.0804310413551,29.347081981435746,35.681494684628305,-0.04972008092207415,-0.24225366343913146,9.63533478249966,4.412403570901723,56.04392645170814
2026-04-26 01:18:02.232311,72.00898524415213,28.77030822159349,55.93857507964867,0.16822573895985088,0.07285520922888741,9.808971295642188,4.365600028533395,52.95675073473831
2026-04-26 01:23:02.232311,73.10388117964489,29.34891671918896,50.846250127336084,-0.050981349424335284,0.5620792467543382,10.083492666325462,2.081726209549064,55.27296022878932
2026-04-26 01:28:02.232311,77.17058370716234,31.512488732530937,59.66662122638695,-0.2373921821972656,0.007637055840920822,9.772081159288197,4.83841902741089,52.404395171177335
2026-04-26 01:33:02.232311,71.0079150272944,28.220396101934035,67.67417608970379,-0.14926758280621685,0.030091510399562742,9.368595406934206,5.1072944921597365,55.445310374289406
2026-04-26 01:38:02.232311,71.9908897834776,28.739313303897745,44.94004846681889,0.17615685488445945,0.19770510516037115,10.44400648478396,2.9236704579982185,51.19432008000083
2026-04-26 01:43:02.232311,71.8567795833938,28.662451862519053,33.59738642253143,0.104533096329648,0.5206716342914326,9.800225776799383,3.218740651622037,53.75011807082336
2026-04-26 01:48:02.232311,73.46431363362858,29.514467354643596,60.590741048014635,-0.031867618882875905,0.09104119744737839,9.84044325488729,4.8315381990671575,51.69326016318175
2026-04-26 01:53:02.232311,75.13299315328847,30.39909376379487,59.576314747173626,0.3937481019902565,0.33469921555126964,10.126056549144206,3.5988465075120035,56.19318097864583
2026-04-26 01:58:02.232311,73.9471999738306,29.761334733416675,40.5499509388986,0.31071753361361837,-0.05132932711146882,9.926812165802287,4.7395378618641795,51.92711546318853
2026-04-26 02:03:02.232311,71.26712792564416,28.326626973049905,49.01394637426423,0.19034225952316097,-0.10868799731828137,9.5194528446716,4.293010968056974,54.48816004801965
2026-04-26 02:08:02.232311,73.69326654272993,29.615231567494988,49.458381228839215,-0.30773045755443623,-0.12580535983577074,9.270252391687508,3.7303019992019912,50.14717031878929
2026-04-26 02:13:02.232311,75.37346859538656,30.506003327577844,45.58589853257681,-0.092044465826507,0.08972212977227978,9.926450695349205,2.800964444564162,52.78763938420234
2026-04-26 02:18:02.232311,73.83989649943264,29.682762208401762,41.55609162578214,-0.24634752878562383,0.14505660447710408,10.138625543284153,4.650785280065117,52.51350498215593
2026-04-26 02:23:02.232311,72.32256959261973,28.86818519010087,52.82414664167649,-0.09177995312751404,-0.0458747122900525,9.975295318254467,4.6512529827300595,53.380581644018285
2026-04-26 02:28:02.232311,71.75552486524197,28.560425334165398,65.53007221542342,0.07665921713570022,0.6277213179674654,9.870616011883298,3.847690657119171,54.709024476765045
2026-04-26 02:33:02.232311,76.70477623506306,31.194690063402653,55.18766135924969,0.0746724511154916,-0.25689035122985543,9.198460632076415,3.818519428412313,54.65680877274757
2026-04-26 02:38:02.232311,73.14010792772463,29.28819763148815,57.63651732818061,-0.0807053975003007,0.05823064260037132,10.018748963760178,4.323805962154708,51.001048735675084
2026-04-26 02:43:02.232311,76.8967720815293,31.286415845516647,46.696960800962714,-0.0058071013175675906,0.1431581696449096,10.098044204867227,3.8216724515609632,53.45804075983845
2026-04-26 02:48:02.232311,75.133530860125,30.34068452610036,42.52562547508646,-0.04671807713445136,0.12025834492341103,9.87308849930417,5.902789128518743,52.76789848021667
2026-04-26 02:53:02.232311,74.52732963505578,30.01204120472943,52.09612793142006,-0.09511172698352532,-0.1587150725961574,10.451948931775112,4.103136885225956,55.60694987925063
2026-04-26 02:58:02.232311,74.11659482222558,29.787646636552665,54.016958984364145,-0.6341061722820428,-0.019687000734571004,10.505750384486143,4.253673642258026,54.15095632387197
2026-04-26 03:03:02.232311,74.04132008223272,29.742164107222465,45.251754646316165,0.11851701428074893,0.11799172373080631,10.093493765230837,4.032315831917243,52.49742060729742
2026-04-26 03:08:02.232311,73.34812724102184,29.367125257242666,43.76465861557859,0.33111291831127926,-0.2383517948487719,9.743739649404715,5.979187734436169,56.638223336980175
2026-04-26 03:13:02.232311,74.1285948503308,29.778038647540107,42.396151018207775,-0.11801334331997851,0.18871640528346123,9.209424653146343,4.126831310668317,51.40318551699318
2026-04-26 03:18:02.232311,75.23361942159102,30.36204908421156,48.569067727442,0.0012636187556057817,-0.26982003729703946,9.546524363315362,4.8561412415893255,56.34136469470528
2026-04-26 03:23:02.232311,75.17009053048761,30.32283100762241,57.14697039155299,0.006450630414701015,0.10114110453489403,10.06727582695285,4.960930856996743,52.15424597327667
2026-04-26 03:28:02.232311,74.87352840118517,30.159328537327102,60.58009476324404,0.2317183419483909,0.3190811982173657,9.873407044111444,3.2819201301766,55.49928396477506
2026-04-26 03:33:02.232311,75.37198421626229,30.41983563736757,32.27676351288194,-0.2900315737115507,0.22248771548144258,10.179458182762065,4.411788102643932,52.90889492257166
2026-04-26 03:38:02.232311,73.26297059070919,29.289692369071922,47.647810725985174,-0.18775089121849853,-0.12229753064176385,9.702226757444118,3.501878908191879,56.73853464158
2026-04-26 03:43:02.232311,75.41882423880355,30.43414498005491,63.32153734099785,-0.2434605368642382,-0.15042318038612867,9.821620236712631,4.411655195289518,53.93184973713958
2026-04-26 03:48:02.232311,74.24630301239709,29.803464324637464,52.44632070521635,0.0030636629275065637,0.26535601049031543,10.229937509886575,4.002666681231226,56.49218878523701
2026-04-26 03:53:02.232311,71.92279522684855,28.558924171010908,50.08418551459403,0.14991862887321242,0.0656996130178751,9.811217820026108,4.804227248532431,55.1976695019483
2026-04-26 03:58:02.232311,74.96764901908156,30.177510192201183,65.04571983412518,0.0985181702742422,-0.20097862538691313,9.556600862871285,5.377818863676066,55.3918979005144
2026-04-26 04:03:02.232311,74.66551351482384,30.01103525526306,52.240873571716,0.1041239482543844,0.2732577710743069,9.640232188602964,4.6418461877935115,54.37553950495371
2026-04-26 04:08:02.232311,74.56422519538106,29.951678816892905,37.02800793672313,-0.3315829715132629,0.008559441573547115,10.075614173954843,5.29629024718755,53.79490888002377
2026-04-26 04:13:02.232311,73.1392572110074,29.186359890559626,49.65159291022465,-0.0053491050242312635,-0.33012548249151025,9.66035064537018,3.6604203085771996,53.633559400285584
2026-04-26 04:18:02.232311,75.38492240248485,30.37871199134693,46.092522150594306,0.3148906302594467,0.17046929199918262,10.304823621621722,4.179723092530001,57.91695106557091
2026-04-26 04:23:02.232311,74.32442118227623,29.807775339235,41.22140806316141,-0.23987709942136057,0.2475449471564545,9.597692579697313,3.347020606864157,56.367727188918906
2026-04-26 04:28:02.232311,77.12645423399228,31.296856965482892,65.73671877164483,0.09519810916168833,-0.31784563848965713,9.660624561639334,3.8865930864659743,56.23536106978119
2026-04-26 04:33:02.232311,75.33703726294442,30.3371652462567,49.84147275508712,0.18205662862552302,-0.25163248605579713,10.077433948065186,4.100161474296935,54.582029873825626
2026-04-26 04:38:02.232311,72.06744890381924,28.588048786722606,42.46368625825116,0.18338522411056124,-0.23275499172044903,9.384605344205914,3.8514291379248906,54.95514145216565
2026-04-26 04:43:02.232311,73.50158497965661,29.347585359168534,54.332357747968665,-0.08794737121052418,0.014645042389856006,9.54168146299375,5.296192225847497,55.35681407021695
2026-04-26 04:48:02.232311,77.11929224620096,31.271693233324857,65.63461310349315,0.16482440915287333,0.31840517157004006,9.992163911588317,3.8109178477057593,52.275884670535014
2026-04-26 04:53:02.232311,76.80234195516441,31.097317076771365,47.84930966534077,-0.21838905280997195,-0.3069955440343493,10.08365957761228,5.12229967388368,54.43154191621495
2026-04-26 04:58:02.232311,74.33338706492057,29.77520513397398,48.714545515565256,0.07530967079302853,0.11017592326806361,9.975028064873786,4.264365745010295,50.54329706698983
2026-04-26 05:03:02.232311,74.91653583266869,30.080881808772308,56.8996527626697,-0.5260304790029072,0.5788789724022729,10.128465119728386,3.892352536274765,51.95443742100599
2026-04-26 05:08:02.232311,72.16822287609926,28.609778897267944,55.29791769957669,-0.0772500491476878,0.07595089745821644,9.96512018908845,2.6154841245382654,51.52321060442415
2026-04-26 05:13:02.232311,73.34777525541331,29.23353749823477,44.75784603113428,0.16379032391390624,0.25636306893594796,9.662170621222499,3.8340844320816805,55.828438006906914
2026-04-26 05:18:02.232311,76.9505090238744,31.14965950674669,48.37928420294937,0.21883347270039952,-0.28660654126236484,9.531427563440875,5.174792976080736,55.53907975209201
2026-04-26 05:23:02.232311,74.80749277168113,30.001381504242943,64.85721626731556,0.49956452643814525,0.08249721754813401,9.134840153400226,5.165640897773335,55.98196598649265
2026-04-26 05:28:02.232311,72.31812041107032,28.668380243916516,47.18019106959165,0.16136567082021383,0.34151872363061564,9.971114723587535,4.819623262107058,53.79465517350686
2026-04-26 05:33:02.232311,77.19612195566084,31.264645066364125,52.98189440098466,-0.5073057227767767,0.2138930652920862,9.96719486414857,3.486800332335493,55.53626257809955
2026-04-26 05:38:02.232311,74.46994110560888,29.80534594500241,42.13295402917283,-0.43221180003499754,0.09338632152806446,9.551848001174042,4.7395648965808235,51.112944358087894
2026-04-26 05:43:02.232311,75.0022858509042,30.083927141159247,42.41113035574649,0.2766830501542166,0.1113849133220639,9.983628831692535,5.623903004377885,57.566033690950185
2026-04-26 05:48:02.232311,76.7565286317012,31.014187289583646,51.9651191419518,0.3767596272303513,-0.035781098276261455,9.659683340081958,3.9520270484737408,54.711253207544914
2026-04-26 05:53:02.232311,78.48327475717684,31.929782555169986,49.602218762298016,0.3520215025752495,0.07690535818708645,9.314016561137228,2.645722541331434,52.47564091827349
2026-04-26 05:58:02.232311,74.42094702912149,29.757871765539797,50.65728039552188,-0.31420457035417204,0.09390603903783996,9.68341834924778,3.790956204371019,53.64341691671829
2026-04-26 06:03:02.232311,72.95987501766992,28.973297358098293,63.72286366033998,-0.23925255487457717,-0.012592924032679502,9.92978001228177,3.975297249201013,49.49201992931576
2026-04-26 06:08:02.232311,76.41015377794966,30.80811002891349,38.630958281007366,-0.1303920019958884,-0.36787349474845227,10.215000387825764,4.6927566685388715,48.78839276743544
2026-04-26 06:13:02.232311,73.92214195530926,29.47583438883794,47.82960608661672,-0.2786944219725323,-0.1316213377384593,9.756192774335554,4.762482958750541,52.386125749290855
2026-04-26 06:18:02.232311,75.48263032200153,30.30275884973982,52.712755480789,0.2334276727341091,0.013038543927299955,9.88311671433426,5.184606158752341,54.05812326145374
2026-04-26 06:23:02.232311,76.53971359043298,30.86120059156926,40.18059857830466,0.11989794052156919,-0.27984663989105757,9.338970525950435,5.005259642384509,53.27423313557776
2026-04-26 06:28:02.232311,74.95708365370714,30.01179529064814,53.47320460342544,0.5142190704775147,0.4305635678521449,9.547886147800027,4.689461018059327,54.72901466578107
2026-04-26 06:33:02.232311,74.87934675559976,29.964999610323538,43.9742972328803,0.20874658362045614,-0.14072602828420358,9.775769901639277,3.6490910292600973,55.28143543442162
2026-04-26 06:38:02.232311,74.25422180917039,29.62626363756054,50.186900666244924,0.19234718844068804,-0.14175180796813136,9.298682156250782,5.424843373956372,51.42704254946519
2026-04-26 06:43:02.232311,74.37969121795649,29.687844654245797,34.09260792535062,-0.646896577474294,0.1467700410681461,9.825284512383476,3.588306662749283,55.13110932244597
2026-04-26 06:48:02.232311,71.21926068012714,27.996945699402804,44.38437968790822,-0.10793705319821452,0.018705403899169193,9.693165019029403,4.56186554589998,52.56994092251498
2026-04-26 06:53:02.232311,75.38338702097211,30.212477079852793,43.3481342238879,0.05559241556345422,0.2342511259952573,10.121096081054423,4.299994549347035,53.13641377313757
2026-04-26 06:58:02.232311,73.23609995689982,29.061921311013577,56.34232092352093,-0.10007668805962608,0.37342966328598654,9.797078638845466,4.490137272656304,53.40814797252502
2026-04-26 07:03:02.232311,73.3432320820528,29.11372244309449,48.313947246748896,-0.10725068411021095,0.08507670272907542,9.56797081896994,4.351461657466846,52.8121734911635
2026-04-26 07:08:02.232311,76.01770024047876,30.53476945958767,55.609314847586035,-0.46528565976307196,-0.25003630291269596,10.00165254475799,3.169913165930665,53.43522961110217
2026-04-26 07:13:02.232311,74.5976136535158,29.772053945206757,51.20167128564486,-0.2645489165148869,-0.056752227104952875,9.660734486904758,2.581063628177035,54.67699827010047
2026-04-26 07:18:02.232311,76.69668941894955,30.886225018770755,48.004256907053936,0.40847967383019623,-0.3301099882482764,9.68933363471536,4.1191877303867415,55.84422777766955
2026-04-26 07:23:02.232311,77.40948775169144,31.261048128232435,49.93274939584447,0.17010225204565257,0.2710563380883721,9.527343913388346,2.6231682367576687,55.319464108925956
2026-04-26 07:28:02.232311,77.23378250296196,31.162002660909373,47.59853387294218,0.09676963811688101,0.1390435941439478,10.142660684132792,4.742747285172103,57.1668911655845
2026-04-26 07:33:02.232311,76.5831235067603,30.809648528267825,46.00029613510823,-0.08864612219814531,-0.04342403394039449,10.067232262658058,4.128433722941448,55.40509537553947
2026-04-26 07:38:02.232311,75.18506165659801,30.0586795401806,54.75783447548233,0.16070807018280917,0.1859946983597166,9.596114175983917,3.7312326629545796,54.82750285819726
2026-04-26 07:43:02.232311,77.05847050415161,31.05249492420852,41.00672214549912,0.2037520774053259,0.3558061099298436,10.165635360306899,4.926253089807929,56.00362028976944
2026-04-26 07:48:02.232311,75.15495869787233,30.031952626192243,55.314101536156436,-0.10381198808604923,-0.1839632807754272,9.41323661588646,4.093018202136749,53.57532005768199
2026-04-26 07:53:02.232311,77.62477355516911,31.34385121541652,55.779356850407815,-0.18992752925104137,-0.0352512967999187,9.557783833777739,5.894006005518335,54.045808446541464
2026-04-26 07:58:02.232311,76.2658290825848,30.61374482870422,46.106462270173644,0.23994696766986323,0.05495737879876404,9.863232584065422,4.834697099655514,54.04077586477944
2026-04-26 08:03:02.232311,77.60178847967418,31.3209205058179,52.641590515313446,0.16541998826532442,-0.033655967124189994,10.08983922314561,4.406038380761071,53.213098976786945
2026-04-26 08:08:02.232311,76.82000730501652,30.89863454466647,48.789495073658045,-0.3643111991117715,0.19707221599626615,9.8761774288484,5.249855793941524,57.273952507551456
2026-04-26 08:13:02.232311,72.9979898452945,28.85488923148073,47.073088427763174,0.18872004807007564,0.06608886459192531,9.555269536601894,3.944392447059409,50.73514503809923
2026-04-26 08:18:02.232311,72.11289584530141,28.377503096817083,41.94100213875515,0.2541689769016336,0.035018691603010466,9.274748969904696,4.584831908242635,52.06340231819417
2026-04-26 08:23:02.232311,76.77688067181248,30.859625669622314,42.45197155919172,0.12258366456923829,0.20301730148507222,10.143285050491063,4.914684870307647,52.438498406696795
2026-04-26 08:28:02.232311,73.25134722504859,28.974005163347574,44.55689952917353,-0.1158784943273468,0.2842241715489112,9.693904326753634,4.001225628824771,55.303160110019256
2026-04-26 08:33:02.232311,76.76213703260409,30.841090392709837,50.328196586983715,0.08524828350580067,-0.14017239162362732,9.257542023305778,5.169562619985902,52.06146420908854
2026-04-26 08:38:02.232311,76.03619596578318,30.448585822404688,43.7046818816004,0.271027199157995,-0.17218141551768718,9.945004479682929,4.364712277207447,53.71048703139044
2026-04-26 08:43:02.232311,72.49620766843886,28.555256062487047,67.23395881398133,0.15327319779287685,-0.06432157952540368,10.086712605720582,3.0862967217818484,53.83031064369391
2026-04-26 08:48:02.232311,74.54800857916779,29.644213880208476,67.3591510948057,0.21235484550871017,-0.07806547601858457,9.832043100727445,4.781974790068379,52.27900026583066
2026-04-26 08:53:02.232311,72.72546489319225,28.66685457968753,70.26739268547266,-0.3680096776388062,-0.21218259024107997,9.80986843594293,4.4489763633028545,52.596088839651955
2026-04-26 08:58:02.232311,77.40572815558926,31.157658984965263,60.316984428746,-0.27444840968950684,-0.3352173812088384,10.53534324316542,4.71270789042654,54.1022027989499
2026-04-26 09:03:02.232311,72.98495749724597,28.794578632514842,61.667269427498454,0.3558675981276257,-0.05389701931408293,10.21481488316808,2.4680085247590053,54.68306564482673
2026-04-26 09:08:02.232311,75.44395283410071,30.10070681083671,37.35551681275576,-0.1385634750455576,0.27421587633360234,10.749270136560066,3.3758459300984742,55.814103755637674
2026-04-26 09:13:02.232311,74.43594886277351,29.557768691461536,62.52453326812195,-0.01960081285389237,-0.10929028723539347,9.77792374341099,5.047248185393763,56.15211718909238
2026-04-26 09:18:02.232311,75.66730195581407,30.209154339749166,63.081038459524926,0.12767992814538115,0.14059893070748217,9.764891112175055,3.6014518617294264,52.23230247379733
2026-04-26 09:23:02.232311,73.38549403334807,28.98685411309996,39.714919690514215,-0.2969725317644201,-0.5281801113681023,9.576512664874999,4.690066893925631,54.33476283463901
2026-04-26 09:28:02.232311,75.92214553020982,30.33439891009223,49.60190565675202,-0.14173869399791836,-0.10988439339703913,9.492370362028943,3.3213200177308355,57.041863033228886
2026-04-26 09:33:02.232311,74.1689332498564,29.3940163592364,43.42518155651625,-0.26664766805124834,0.06693010008805851,9.068358973442963,4.786595837560187,53.43897761054857
2026-04-26 09:38:02.232311,74.27354232678027,29.444471865595133,50.399323864411,-0.26909120789176016,-0.07704730023471447,9.695912094092494,3.254137688767111,55.126915902730524
2026-04-26 09:43:02.232311,74.58730157597687,29.60647413049932,58.322293999114905,-0.14317892956836786,-0.1408251742440448,10.255313722895632,2.696880542527865,53.804591764898944
2026-04-26 09:48:02.232311,74.94154445853428,29.79006766652927,33.831553655162175,0.13189115559829387,0.4910902115483921,9.647675103710775,4.354594135153309,53.078203014307796
2026-04-26 09:53:02.232311,74.49147501796467,29.544694630224818,43.708124867476386,-0.09970888649590133,-0.021839424833228014,9.198829657184417,4.471877921341187,55.966369759383085
2026-04-26 09:58:02.232311,75.94268103420796,30.31333517088724,61.46393706405706,0.32530396830337743,-0.012174481069156647,9.298844542398971,4.769871831728887,52.59341427294202
2026-04-26 10:03:02.232311,74.15547422658732,29.354822205488887,45.19628706111991,-0.15872745721474535,0.08491369387374868,9.308244542798596,5.336657477720561,55.56960706684591
2026-04-26 10:08:02.232311,73.82989830962443,29.175845715108018,43.42145001531607,0.2092023789738745,-0.23795391172405553,9.4039900067143,4.791389037329878,52.19112585353113
2026-04-26 10:13:02.232311,77.0503652750604,30.888092095339875,42.1234408200319,0.19031602912524234,-0.16893075433548368,9.631327079390529,3.9099195927860313,55.92712018603901
2026-04-26 10:18:02.232311,75.70680089795233,30.166188426214898,44.489905240757366,0.17570889007741017,0.2820855934506774,9.663532181404545,4.3254379990756915,56.487184893940785
2026-04-26 10:23:02.232311,73.87386518748842,29.183286712633482,60.15505016457365,-0.22691167503408471,0.20546467910925872,9.544560081518515,4.268647778644524,52.13152924459947
2026-04-26 10:28:02.232311,74.39438872475903,29.455563264510467,52.36906531337212,0.12103247852632372,0.09606456114469515,9.701133607510965,2.8679160456807486,57.56942734014296
2026-04-26 10:33:02.232311,75.60489436222544,30.095830269825218,54.74000495682334,0.15987282261885177,-0.08190424329797254,9.530425057260826,1.6851377123903704,53.60772210978616
2026-04-26 10:38:02.232311,77.14911868210554,30.91408057242727,56.0695640219195,0.021639686079169662,0.013277757332796894,9.6837437575262,3.0373490356847883,56.18770435261736
2026-04-26 10:43:02.232311,75.21334723864031,29.876333134578484,54.16171184977955,0.688387221646139,-0.019978528964193994,9.154642373974305,5.83003900269989,53.37793595734189
2026-04-26 10:48:02.232311,75.68847297111648,30.124397523898445,53.12373040198298,0.008511717851891098,0.2321406460714387,9.44201423426515,3.8023038000788416,56.292380228487715
2026-04-26 10:53:02.232311,76.9833275120374,30.8096506110556,63.0721441696134,-0.10096503097500473,-0.4656042205673192,10.18104165792938,4.665436533825995,50.09814603432308
2026-04-26 10:58:02.232311,72.49480744286186,28.41043723949464,43.54231574136266,-0.47109434301787934,0.09821413924665053,9.741717732138012,3.2674381052054016,53.388765887346985
2026-04-26 11:03:02.232311,71.20368283079716,27.71650144505947,49.390268972102895,0.2129621271140831,-0.036558693119135795,9.447765339278835,4.892712476313769,53.196828725997726
2026-04-26 11:08:02.232311,77.33353264399658,30.98041867743182,62.06460881622467,0.3035337850945501,0.04389628851399162,10.047535353240473,3.9191600554508783,55.250663833330286
2026-04-26 11:13:02.232311,77.5459449222999,31.088369224526264,45.65133995943313,-0.29332250260679843,0.35734626638441747,9.867970023535273,4.180721201745049,51.50393403551833
2026-04-26 11:18:02.232311,75.20768562206197,29.8359615963987,58.287863439812966,-0.18456502325430926,-0.06876676546467668,9.752801104400431,5.003868674363277,55.474877210436055
2026-04-26 11:23:02.232311,77.19506681756035,30.890562232663832,50.56166684811004,-0.012715870543192087,0.03515623950481108,9.855912546285634,3.904628908910855,52.204461791820464
2026-04-26 11:28:02.232311,75.49118362843598,29.9764885304635,54.0374961866203,0.4947475739730261,-0.28545428180017285,9.849806794992869,5.802252979957625,55.476805158124705
2026-04-26 11:33:02.232311,75.24981466250256,29.842422413965014,46.4922489091771,0.22429939101862334,0.020815229830594008,9.955223428159048,6.28213281256984,52.46271170452521
2026-04-26 11:38:02.232311,75.8148546678327,30.138441082140424,48.91467207142756,-0.16185346826375882,0.056133802651912874,9.627626515515834,3.999054024663493,53.56921563946206
2026-04-26 11:43:02.232311,76.01833679805287,30.24162888359051,49.32522126215933,-0.6218812234576591,0.1903037759399625,9.576764222174894,4.641563226207404,51.45129489711574
2026-04-26 11:48:02.232311,74.56398045738655,29.460636167234476,39.16426210582311,-0.2567335027679731,-0.12934943136834356,9.652381683478898,4.215427983910915,56.942642297438475
2026-04-26 11:53:02.232311,75.93562064994387,30.186841601931047,64.42420510603581,-0.01118335569568975,0.06313458255877906,9.776647465127308,4.94494547876032,54.29414387789609
2026-04-26 11:58:02.232311,75.9406930472249,30.184210879146928,53.5060886549513,-0.01650095603697902,0.1545434887813875,9.935905194270841,3.4678223047646464,57.789253489988276
2026-04-26 12:03:02.232311,76.74574930219337,30.60823821379612,60.67549396059505,0.23607104462021944,0.04658160325528996,9.361271372597615,4.069468759764492,53.8945958580852
2026-04-26 12:08:02.232311,73.21405573925406,28.719332312227813,50.39668440834883,-0.13742031942331903,-0.20180332934818554,10.024349004820452,4.1508245395263,57.05878975684589
2026-04-26 12:13:02.232311,75.98406241291624,30.191333203513647,50.44369534666069,-0.01957922690511639,-0.13832855010979475,9.885039093940867,4.118548184337747,52.64887316364343
2026-04-26 12:18:02.232311,76.04754384541758,30.21985396618036,48.699762094431456,0.3552245944833213,0.14692233708759553,10.186297882038112,3.6719629275973187,53.06151805912008
2026-04-26 12:23:02.232311,76.20780498894183,30.29999057472595,28.862117884191424,0.2603248602556454,-0.04277787384631391,10.424624870754633,2.7412198794408997,52.29905626658204
2026-04-26 12:28:02.232311,77.7446911561741,31.114327195915834,50.6602719964628,0.07093607931999028,0.21485488717057558,10.163382168157172,4.915560541291546,54.878422937944784
2026-04-26 12:33:02.232311,72.39393736015043,28.25525583670254,41.29574999176608,-0.3956752283936996,0.2412545745777316,9.691121952934338,3.0063348648889363,57.31736307353684
2026-04-26 12:38:02.232311,74.9974177685983,29.638442719874067,57.101932245750774,-0.019330172282221954,0.1662225530542941,9.85607416066203,4.261582724822611,54.7448239887693
2026-04-26 12:43:02.232311,74.09456145010921,29.151583348679228,49.6037131888954,0.02845053413108404,-0.13122591101925052,10.001805851017913,4.407148247431452,54.96313912211796
2026-04-26 12:48:02.232311,75.24619223424948,29.76045043222003,47.28170121886733,0.18750728124813065,0.256983533679254,9.47880922443235,5.629956138012048,53.23203249136171
2026-04-26 12:53:02.232311,77.320554227293,30.861440827175915,62.610867517755366,0.1436933720223851,-0.32794486919279403,9.863295608596228,3.55660174096266,56.48417164986645
2026-04-26 12:58:02.232311,74.962747049457,29.598607664329375,62.96682221360721,-0.05077937323108587,0.10583075740417937,9.926210925740836,5.136218328017652,54.11308022046619
2026-04-26 13:03:02.232311,76.54009296291241,30.43452281683826,43.98672261235663,-0.22863329106440478,0.0525105404010475,9.336310134494996,3.4960180696656984,52.23623434397971
2026-04-26 13:08:02.232311,75.19935882125876,29.714128606622307,45.209735935144856,0.09092003599788802,-0.0878841310816595,9.728308675408513,3.910017602750282,54.412948097495395
2026-04-26 13:13:02.232311,77.95954755377308,31.18089326262928,56.46645574819824,-0.4367767843718517,0.05196905803908361,10.284637835450765,3.9821484113726275,54.18621238131802
2026-04-26 13:18:02.232311,76.49493459719822,30.39443035112203,56.352481605043295,0.058237025518828506,0.5801381636794574,9.342951311956465,4.291935396361063,52.971376655921105
2026-04-26 13:23:02.232311,78.36727156304299,31.387674064905234,54.76714695510559,0.04110534806930604,-0.19229836101910702,10.385591426835656,5.263675266538609,58.28549637202165
2026-04-26 13:28:02.232311,77.04651520820627,30.67793467432499,52.52885473574746,-0.3520677747900256,-0.04481788319219029,10.067919431083123,4.658174669057881,55.0179343781423
2026-04-26 13:33:02.232311,74.54986300697047,29.341050832331895,54.980484283613286,0.1915700748258102,0.050263146863603614,10.04861856150903,4.790274589434802,54.2171475660469
2026-04-26 13:38:02.232311,77.12610753065059,30.709711910293947,46.901140443323726,0.06884899050201926,0.12061890269379603,9.142862552480802,4.349272632750681,56.95551193865255
2026-04-26 13:43:02.232311,75.41296080477412,29.79069765515917,54.38223833230948,0.15788618500847723,-0.45900839051936776,9.97554029351239,5.173073217288488,55.40331910322684
2026-04-26 13:48:02.232311,79.46601228286966,31.94698910880946,40.932533860382385,0.07429980333115523,0.04345686763585143,9.525718915688989,2.0908912890373155,53.414830977103065
2026-04-26 13:53:02.232311,75.57480407531288,29.866342063445174,46.34548344200673,-0.3000862480410261,-0.21198877305930292,9.836006242871552,3.532230235113416,52.316247121966654
2026-04-26 13:58:02.232311,77.32813482427115,30.796115794888923,52.74093958698828,0.27713312610123586,0.4533112553702301,9.518679188690566,5.202260861820028,54.034542151725205
2026-04-26 14:03:02.232311,76.21776660403899,30.198583409431098,49.40119924293397,-0.08786135892350866,0.4012653024345391,9.89132041215549,4.030037577931305,57.019588438473924
2026-04-26 14:08:02.232311,76.73580042175105,30.46953211087687,45.417236708883735,-0.2833554772924313,-0.08913482099250693,9.814081104878815,2.3520769873920244,55.74622043866471
2026-04-26 14:13:02.232311,77.14233452927785,30.68101430022382,54.056415752657706,0.07721591443336127,-0.17998673245737049,9.619576784753935,4.652487659628534,56.64929099652515
2026-04-26 14:18:02.232311,77.43958529980564,30.834212043171316,56.989737228018946,-0.008188861424377523,0.002824269840676562,9.8360057241573,3.569996377079181,54.843384438053796
2026-04-26 14:23:02.232311,77.0898208685176,30.64233501181703,51.56592191056438,-0.06633828842440437,-0.3026925993457979,9.99892174698572,3.9033398835043323,54.83560333993817
2026-04-26 14:28:02.232311,74.59772355529444,29.30788044343067,53.90396913659127,-0.11720964152793624,-0.12895651348530365,9.498968593564648,4.01689485324615,58.18446456227776
2026-04-26 14:33:02.232311,74.57418517028333,29.289990636757416,45.79556730165944,-0.14454449103068026,0.1914780960372333,9.111313615556947,4.722637878506368,52.44384847544676
2026-04-26 14:38:02.232311,74.8783849936408,29.44689454121406,60.93053916615227,0.00985905611154752,-0.10204620801175174,10.094623624081478,2.5045667961889855,56.109165979236096
2026-04-26 14:43:02.232311,78.22946771575523,31.228802658341095,43.66704497924453,-0.17428193346860815,0.014636788712649633,10.054210244754403,4.60226569458122,55.27796226667098
2026-04-26 14:48:02.232311,75.97670719862376,30.021994381203637,45.80554363781135,0.27600030145545645,-0.05271233000324605,9.582845266719707,5.441042568837853,54.84517922626249
2026-04-26 14:53:02.232311,76.13793068166318,30.10264423749066,33.308555034377925,0.2296832107952942,0.06152962973826164,9.749537052433174,4.470170678103695,54.18986399350243
2026-04-26 14:58:02.232311,79.99343506201396,32.15357723901042,34.66076611385691,0.275216080329818,-0.18204252095369952,9.676018957395168,5.474222709179051,53.53375982428416
2026-04-26 15:03:02.232311,71.87118769704648,27.816375976360415,55.19385765331049,0.08930342975726878,0.09645550730353639,10.083759175305373,6.866471091309967,51.910160681135324
2026-04-26 15:08:02.232311,75.808695824913,29.911044309888567,42.61331555257575,-0.06336816595317948,-0.010808825088879778,9.969332624666238,3.3312451388467093,54.3252827198097
2026-04-26 15:13:02.232311,77.45760293371728,30.785125433250183,46.86113896369221,-0.3148113010933908,0.25024150725876526,9.653748944685194,4.5165482911045665,54.8309190741006
2026-04-26 15:18:02.232311,76.45868208679848,30.247031646892815,56.053638333393785,0.19532163719177273,0.05991778954339325,9.632879472534192,5.507557377841071,54.757047532922
2026-04-26 15:23:02.232311,72.7114913585135,28.24319392380683,46.87560064905952,-0.139725861187197,-0.2659490796665016,9.881707214121082,3.2802399407676313,55.59415335419289
2026-04-26 15:28:02.232311,76.38905831679787,30.199226966891167,42.551511755745125,-0.12980773639817653,0.19583183712286012,10.013412880033393,1.656668242706178,49.53970174534004
2026-04-26 15:33:02.232311,73.00493148053626,28.38902331955097,42.15120396249681,0.012059226338980471,-0.23994073311781836,10.02607764841014,2.8027321777628584,58.854857010082526
2026-04-26 15:38:02.232311,75.44596113047572,29.685569798184684,45.94667009603827,-0.012157480879350094,-0.26140238451698017,9.700104196386098,5.046967059988027,55.13319997955569
2026-04-26 15:43:02.232311,73.77565495840358,28.789403838412206,61.983945116178695,-0.39986187457215705,-0.2724377832169522,9.858513315698444,4.3592619204576435,54.35459259906204
2026-04-26 15:48:02.232311,76.67669114838112,30.331287138399567,62.435803425578044,0.49974637942855216,-0.6311762793454669,9.530453454710516,4.390206533551842,53.151811292563764
2026-04-26 15:53:02.232311,73.89116546750361,28.840337440597562,51.06179408210288,0.11574073238785876,0.23159338137809612,10.063783629568649,4.347316090241798,54.780268194146444
2026-04-26 15:58:02.232311,77.21474171128433,30.60757543594661,63.29482918851663,0.11875634834046558,-0.04534557299653761,10.291751770623234,3.203396088407354,55.02221318792938
2026-04-26 16:03:02.232311,76.83953050797031,30.402126792845134,52.75824032455767,-0.3183843972760878,-0.006232508156096507,9.632078860918991,3.431444209490617,53.248703510986005
2026-04-26 16:08:02.232311,72.78701056954802,28.235446824352568,50.34865750054198,-0.12725698023778081,-0.1944453315439529,9.879008421868702,3.8061941439016964,55.67717634850852
2026-04-26 16:13:02.232311,76.97496376016234,30.46368585801288,34.72201930100255,-0.3191385293158333,-0.09934135528636868,10.207618528177004,4.688642637354945,54.11179381635728
2026-04-26 16:18:02.232311,73.82056002523449,28.776001198050693,58.55339647076115,-0.38232325290695274,0.10268464002583975,9.787662335978164,4.743399384740978,54.68756456653282
2026-04-26 16:23:02.232311,76.1445437748246,30.01012319649808,49.77793081645312,-0.2749862263247875,-0.19989279230953394,10.200033183787529,5.21554582011076,52.25015424876633
2026-04-26 16:28:02.232311,79.1005149290911,31.581305144106224,46.63190121830112,-0.10706105184022224,-0.21551439839424838,9.508247919688161,4.309502859952406,56.344214816565824
2026-04-26 16:33:02.232311,75.75776719909506,29.793170353441,51.89844109621279,-0.17729563612709304,-0.2884030051371811,10.402741970042593,4.9411912685938075,54.390445600751306
2026-04-26 16:38:02.232311,77.54466549685215,30.74084677757744,45.320085138582996,-0.14008670523055927,-0.05264471435338362,9.490143720557539,5.407118383962721,53.560699694669154
2026-04-26 16:43:02.232311,76.51636915189911,30.18708605893516,64.6749765584496,-0.12498545128654888,-0.29772617153499037,9.63707852722784,4.349189099278808,57.138230009386575
2026-04-26 16:48:02.232311,75.84713110118963,29.824823097222765,61.541236771088776,-0.07695137617928732,-0.22010099372858527,9.325902971594317,6.505575960716463,53.78996704810013
2026-04-26 16:53:02.232311,75.88446166190502,29.839396728270305,64.96210531073824,0.01722662146542628,0.024882433175421513,9.804703292863373,4.174018334348155,56.139070928133904
2026-04-26 16:58:02.232311,76.32258482915356,30.06772641613552,70.55441595612217,-0.1311606707919729,-0.12793873494881167,9.507586340510343,3.1957155392680705,53.94661028407599
2026-04-26 17:03:02.232311,76.55572158271647,30.18673001670175,41.83852107905207,0.1373115427780728,0.05198614182365481,9.94813822717832,3.7030724523419374,56.38669285748217
2026-04-26 17:08:02.232311,79.16593382306348,31.573507210219486,55.88059085075251,0.2592449812261207,0.1136135180314954,10.055955833694467,4.283536645622952,54.52337380138837
2026-04-26 17:13:02.232311,76.2127666673667,29.9931487258472,52.66773347836256,-0.14495754910331804,0.19039943208351653,9.693711297812689,5.773158829082249,56.181375218162785
2026-04-26 17:18:02.232311,76.23563187484397,30.00000750183441,53.29836093331476,-0.9358543585433139,-0.41149268604508216,9.66972815836019,5.396445590076465,57.30781361925203
2026-04-26 17:23:02.232311,73.88927526250447,28.74328130725268,47.960026278106255,0.36254714756824424,0.06260659834535068,10.118892745863509,3.9781792163701386,54.53334259022648
2026-04-26 17:28:02.232311,78.37541126020469,31.130551171358793,41.99378895346731,0.20602496670190176,0.10835389686633047,9.740208356187278,3.8648514088482258,55.92844684353142
2026-04-26 17:33:02.232311,77.35591450328172,30.58148356633255,50.26017428773905,-0.4743085541995633,-0.09234224835962819,9.986257452102437,5.8440743801998885,58.29492603275587
2026-04-26 17:38:02.232311,75.51547355306882,29.594579058218322,35.545478362904106,0.4002799255979854,0.2554781077401252,9.485928498696442,3.3516506246652322,56.3488201230284
2026-04-26 17:43:02.232311,76.1100818075803,29.906367459290447,43.594062780390075,0.17131779025105112,-0.027824422076593115,9.709188648073065,4.147099962236471,54.264013619406356
2026-04-26 17:48:02.232311,75.84499059106085,29.759649475812736,47.99381178674223,-0.14303458128260352,-0.1324363406734243,10.354260799747525,4.3968763326686915,52.92021304950916
2026-04-26 17:53:02.232311,77.38007427221737,30.57302477109555,41.644482948277954,0.2301442541618524,0.2939433743438759,9.561052991181942,4.23491509163136,58.133126805098584
2026-04-26 17:58:02.232311,76.04268630509826,29.85441518729803,49.330145086251356,-0.08364350450667887,0.3529872511804888,10.551868168865587,4.504840853942456,55.01237883140404
2026-04-26 18:03:02.232311,74.78007026215671,29.175683963061864,58.01827105401773,-0.17783804170006035,-0.06153624071288632,9.075249358272155,4.25063110735895,53.7431339290306
2026-04-26 18:08:02.232311,75.4984530592931,29.55348545353394,51.06402669278275,-0.017927649872071138,0.11095021797586446,9.87381017387224,3.307460795953644,59.058572257781826
2026-04-26 18:13:02.232311,79.38320222120967,31.620015671888783,39.95155172815977,-0.05042218118893231,-0.2078633548571851,10.02156967766598,4.348603976889186,56.79681712014464
2026-04-26 18:18:02.232311,76.88528116337947,30.28245510637867,34.30909436634333,0.2738688749909535,-0.35584277962064925,9.724972813075519,4.30461170024096,56.13263715078341
2026-04-26 18:23:02.232311,75.28302955694075,29.42258491494402,57.55088822208948,0.09238354541665315,0.4230909890657981,9.27493685743538,4.421641997084856,56.475907985973606
2026-04-26 18:28:02.232311,76.59338603494702,30.116105701880038,61.36472593507369,0.15216933994221524,0.21028857067776438,10.25076093532988,5.1316244956247345,53.40532474197777
2026-04-26 18:33:02.232311,73.3647305999843,28.38882013523258,46.868584175939766,0.40311960440326483,-0.3763874434092875,10.520873369054897,4.185752045528957,51.58431274795411
2026-04-26 18:38:02.232311,75.9191463383628,29.74583919436711,59.17233676714851,0.01094458910519393,0.0007477830666873107,9.92025191629446,4.3993104913295324,58.86117469960682
2026-04-26 18:43:02.232311,75.57478685566115,29.556844802258897,61.656742856755194,-0.04205208299052496,0.07937118445135924,9.797976518745942,4.015240489121073,54.32125792617079
2026-04-26 18:48:02.232311,77.05958664463719,30.343402021712123,34.57277419620671,-0.09571422966399777,0.30225609021198346,9.511052717525455,4.7802576892599475,59.32165809078162
2026-04-26 18:53:02.232311,76.39786092851554,29.985145638446575,57.0158419776499,0.12615833712728547,0.051460497393112155,9.877837832295238,4.575898991670093,56.992186774172566
2026-04-26 18:58:02.232311,77.2202849867208,30.41843580148871,40.22148942113461,-0.5293165799440069,0.36789452796792316,9.645493030808007,4.565170838463098,58.714310001170276
2026-04-26 19:03:02.232311,75.25577482461605,29.365361047032184,57.17396423087219,0.10529029513977206,-0.3714833769912216,9.972934328776736,6.096682962033505,58.77665126445705
2026-04-26 19:08:02.232311,74.05865144129591,28.721559241260767,52.71542324277069,-0.4875979448282637,0.163000008507358,9.696372210457492,4.239543240502325,54.155055484305635
2026-04-26 19:13:02.232311,73.89000878902992,28.626280492051578,70.99433997181896,0.3979504744002264,0.06334001283169166,9.433335444205769,3.8645983936015877,54.56016346961287
2026-04-26 19:18:02.232311,73.38262188330285,28.35033814099647,62.06407406777012,-0.08525775526756753,-0.35566606683929025,9.286045882469345,4.064261246304449,57.59373803318577
2026-04-26 19:23:02.232311,77.12502668000289,30.34095136456916,55.522621015173534,0.013421269388200869,0.29956021658685766,9.612332582002589,5.148439984742623,54.02673453585788
2026-04-26 19:28:02.232311,78.35570080924303,30.991974898829906,41.097205424140384,-0.2675471696030868,0.3186107244169126,9.73176352774108,2.9522405917257126,55.73700777889961
2026-04-26 19:33:02.232311,78.52328705466982,31.07601822839019,54.11911167419258,0.38775660428276654,-0.17743240120084447,9.32100283994708,3.7026773809698543,56.41919459937286
2026-04-26 19:38:02.232311,77.79559532927775,30.682579973513747,57.538151575500585,-0.42192340198056216,-0.17608948483864062,9.679189102212348,4.320309265860385,52.85592718014638
2026-04-26 19:43:02.232311,74.77337292179385,29.065392021521667,49.82971533002037,-0.20661187299508865,0.19922661519993015,9.678970906515541,5.374169211818222,53.50501000829431
2026-04-26 19:48:02.232311,76.24882968582168,29.846966294335846,41.646611752693964,0.15041460594697395,0.19737398508638873,9.72402502218183,5.31833996336912,55.41583075442454
2026-04-26 19:53:02.232311,74.92797494497086,29.13717443121474,42.12610627877364,-0.04253614885837354,0.2616150802637609,9.691976735204822,5.3520057586556256,55.75145417463924
2026-04-26 19:58:02.232311,77.42116349352521,30.46153898910973,52.19080084496916,-0.23183066567498528,-0.020347113253922636,9.824349105361662,5.02610551345512,59.837261271581006
2026-04-26 20:03:02.232311,78.11243076183763,30.824878864209015,49.58964595972086,0.26708439698479697,-0.23306758385795323,9.984440455748375,5.430052839192578,56.77071537842883
2026-04-26 20:08:02.232311,73.55054726824736,28.38653833296021,52.57001862659095,0.25199808675822344,0.24704596434590678,9.430578094208524,5.056396563537547,54.924499475089426
2026-04-26 20:13:02.232311,76.19031333111242,29.78907756515424,57.47672211888569,-0.5886232201882012,-0.3823201922192991,9.700297465370902,4.996861688792489,53.40691700572614
2026-04-26 20:18:02.232311,77.19112970330315,30.317510295655293,63.773432973254394,0.19010592463776657,-0.46182630038690436,9.528193252768151,3.3562237801044486,56.14078170700002
2026-04-26 20:23:02.232311,78.16781407395945,30.83307262533799,59.092063035476585,-0.18280149050552114,-0.08350667397704364,9.542816994438551,4.560502872266497,56.19746886442278
2026-04-26 20:28:02.232311,74.29666047749333,28.763121372555396,55.04895090367854,-0.04304378320512895,0.1628121009765782,8.824233699428206,5.319185164888911,51.82359817287794
2026-04-26 20:33:02.232311,75.76672878228501,29.541821800443625,47.69236357436996,-0.16513020104843196,-0.24066855735824305,10.013378968017001,3.1517849031528824,51.64860337995291
2026-04-26 20:38:02.232311,74.71169979975866,28.973803675095567,47.951853188006424,-0.1481948904878381,0.24408620747173027,9.542342594231616,4.560323758560268,53.426844831349996
2026-04-26 20:43:02.232311,76.01166756185424,29.661783813545874,44.14875278704602,0.47119038768670823,0.11415723720434312,9.658367757547518,4.812822149904569,56.952452971132374
2026-04-26 20:48:02.232311,75.14900096881728,29.196358962592157,62.18944152535088,-0.1932100860628142,-0.06850244483910144,9.498967560005557,3.4841425187764212,57.72542966331277
2026-04-26 20:53:02.232311,77.83863455202743,30.625494205636905,35.99445974405785,-0.017817029996403146,0.2519467007167056,9.299168087305778,3.3635606453951037,57.541316949376764
2026-04-26 20:58:02.232311,74.31517855735217,28.74098167380944,44.21197292301781,-0.05686723246352618,0.14930969286002585,9.74276527836129,5.3313744135704795,55.014869738024444
2026-04-26 21:03:02.232311,75.99344632439656,29.630721814899104,47.781439157709805,-0.2337477407504028,0.09490273573103847,9.716810564087892,3.62813952280754,55.09004125023903
2026-04-26 21:08:02.232311,75.88893850499473,29.56964830988413,50.606317439486865,-0.07433960784927336,-0.4808045023436676,10.275853623992932,4.4676578687844515,57.526766098382126
2026-04-26 21:13:02.232311,76.69825298238091,29.995946696489423,46.25257049690021,0.04951654558350245,0.2663544863045924,9.854363031162874,5.289502809052777,55.107448866499155
2026-04-26 21:18:02.232311,75.59169707461565,29.400447544347287,49.48866374245619,0.17567580254745394,0.2521482603479495,9.818105222406695,5.298984024120395,57.15015884265285
2026-04-26 21:23:02.232311,77.75427405713242,30.5484859336889,44.997236955896874,0.13813441187314235,-0.47024130039682077,9.90465675185913,2.731752279936214,52.563047857213526
2026-04-26 21:28:02.232311,74.57669243328972,28.848439732972125,44.941439793383566,-0.12263912143705193,-0.23706787684262026,9.719151768679545,6.468486899143759,56.360732968858635
2026-04-26 21:33:02.232311,76.77084135805381,30.013316491512313,61.52810675852967,0.16392089869153129,-0.16498599474292022,9.61312455261556,3.4314300985603188,57.817860808275924
2026-04-26 21:38:02.232311,78.55232346623467,30.958104281208094,52.03195862565902,0.34317577236044344,-0.06682707007817498,9.389458588063308,4.450744648908682,56.14261729031117
2026-04-26 21:43:02.232311,76.28476903055895,29.743405914180382,52.26170374174698,-0.529726379703628,0.26592776494683634,9.90698284982809,5.661831866542391,55.43200554292471
2026-04-26 21:48:02.232311,74.70982391198017,28.8980991829377,38.14347266821532,-0.32651484087598903,-0.12939514815333286,10.220069917362322,4.289028070676459,55.10808066059149
2026-04-26 21:53:02.232311,77.77181536602292,30.525825290426493,61.622874034320084,-0.02295617770266799,0.22794217164789968,9.909015575320105,5.776082545410333,55.0349186792314
2026-04-26 21:58:02.232311,74.71064875306239,28.88786709551355,44.175256144672076,0.21128958825299402,-0.055621476155127164,9.750586182927316,3.9636879446835396,57.611413578810804
2026-04-26 22:03:02.232311,77.28505059418346,30.25554540944412,54.90583574262437,0.04562480392943333,-0.36441248483641014,9.847617182940656,6.492667279865169,55.20297032495902
2026-04-26 22:08:02.232311,75.55456248269738,29.327282415317544,34.23275036140619,-0.40955282953115413,0.1968973579382503,9.856695604542573,4.710324339905019,55.36312638787992
2026-04-26 22:13:02.232311,73.64647003657221,28.304297109383455,56.273030713587275,-0.23116986048299865,-0.16703179571163568,9.577287368142237,3.960576358015295,51.387154372603185
2026-04-26 22:18:02.232311,75.74409006880927,29.417691791909213,45.5329413114803,0.26342331380163375,-0.029679937779315227,9.657269483436929,3.796554284595391,54.93892340555703
2026-04-26 22:23:02.232311,76.8157216401587,29.98389262862825,43.1406782682943,-0.13651429016082445,0.006631354385656392,10.104027836031861,5.7730771890650825,56.95655007466199
2026-04-26 22:28:02.232311,76.93966564152764,30.044660094691018,36.49717755003353,-0.12210757127683552,-0.4998877453421032,9.827797164597868,4.555924808346227,54.36056025905447
2026-04-26 22:33:02.232311,76.19820974226815,29.64388094708528,50.90655486229738,0.10534404569165855,-0.23907394414627914,9.74129234471492,4.249758879979929,56.194082879607315
2026-04-26 22:38:02.232311,76.87300148609168,29.9984338757905,63.76232312132336,-0.13188395120057422,-0.3000923007623216,9.608728603457246,4.065423337560732,58.124266865617535
2026-04-26 22:43:02.232311,77.04482271996928,30.08473586585788,55.12743111028156,0.15941934538944164,-0.5523189455053392,9.969465559705249,3.826624418236067,55.29850043185355
2026-04-26 22:48:02.232311,77.76740708100535,30.464778190409792,46.589822174970806,-0.0819279961551373,0.08424593795139641,9.673389376599301,3.595228347086559,54.62427022072136
2026-04-26 22:53:02.232311,75.19115981749549,29.085443648537204,51.514711937164705,-0.3173806372286422,-0.07724993410802287,9.750796221564828,3.6906401730417517,53.33750906179805
2026-04-26 22:58:02.232311,76.75647944561878,29.914944782202287,48.805716056726105,0.06719295004803658,-0.16132402470424964,9.691268178367594,3.9791479773203746,57.104975738750504
2026-04-26 23:03:02.232311,78.33405633183577,30.750983120184014,50.37060031633873,0.04326466549379038,-0.08035050953719963,9.622039227510871,5.501869260430732,53.38891260333075
2026-04-26 23:08:02.232311,75.70060526010651,29.341139880594405,51.76469261291041,0.11889590790996636,-0.36816573590117274,10.200423846318719,6.387808589337189,56.57626353709795
2026-04-26 23:13:02.232311,78.6445690535383,30.90591790242403,46.70623341777994,0.13521540364661028,0.35224502184799344,10.195183555767992,4.054361414350222,57.503054062433314
2026-04-26 23:18:02.232311,75.19269445954475,29.059582117626796,46.54540810085621,-0.1909769500553477,0.03912511020049635,9.739516973691039,6.264858782429761,57.263374868296204
2026-04-26 23:23:02.232311,75.73596588628277,29.343990877219742,54.69881236415941,-0.28868745592925543,-0.14928234493425085,10.06835971361396,5.777574067194438,56.18094954987301
2026-04-26 23:28:02.232311,74.15887931921448,28.497542040115988,42.63586862051925,-0.12248316814344637,-0.14796118202802166,9.884942143962357,3.2509066355748697,52.77817305241156
2026-04-26 23:33:02.232311,74.33822820653698,28.58785877868732,58.90864054696391,0.058749600717740574,-0.04206143359742008,10.047766892618297,4.565860944480827,56.13888045084185
2026-04-26 23:38:02.232311,76.78769927107331,29.88890734510603,58.71005843812749,-0.42191393698667007,0.06055322139626402,9.808123055747785,4.760376870868087,53.259456951950554
2026-04-26 23:43:02.232311,74.2003386561382,28.503645682473312,43.356211156712135,-0.2788512491452516,-0.13792785612670205,9.841447537173394,4.407722886978931,55.870397168703015
2026-04-26 23:48:02.232311,80.6877335550517,31.958253627226497,70.98288349687763,0.2893360994177499,-0.02231230448034236,9.904181900221078,4.511516298774769,53.141348424800555
2026-04-26 23:53:02.232311,71.81412006508766,27.220323764578353,52.06059489839942,-0.2732876778214369,-0.1719794793646243,10.202047977010357,4.340836872744853,53.736877405622494
2026-04-26 23:58:02.232311,75.8132746331354,29.34787019953649,51.86255682752828,-0.026227646060261053,-0.29248656391684735,9.722613937401784,5.558738995407025,53.685425030816646
2026-04-27 00:03:02.232311,76.15828785571871,29.52654125024691,41.73422007319464,0.007938783072401666,0.061625456228919705,9.671167339142512,3.9291743404444137,54.25614846314257
2026-04-27 00:08:02.232311,77.61474636688293,30.29798312153383,55.15679871112873,0.13873176532528683,-0.18695460663945143,10.219117281539734,3.9514753939960494,56.739977928404166
2026-04-27 00:13:02.232311,77.62631521924608,30.298817174793506,57.838816275236105,-0.13824531178990726,-0.040080326175207175,9.893814879767632,5.254576055765914,54.816388661552615
2026-04-27 00:18:02.232311,78.76347732280334,30.89996762869005,49.8227228799047,0.07392204496840245,-0.002235895110523572,9.951104805377192,4.077492083250178,56.7968925444641
2026-04-27 00:23:02.232311,78.15110980489212,30.568035617803393,44.675204893922455,0.005638985022987328,0.3265886433428293,10.070788677157807,5.289103211863677,54.72772339183807
2026-04-27 00:28:02.232311,75.57142761851078,29.186869117066014,49.57292048235582,-0.25962547118601564,-0.03578852322102035,9.251058522001133,3.802218902135647,53.996408967639965
2026-04-27 00:33:02.232311,77.2747485144172,30.089970926882106,48.786664987533584,-0.04046723725271263,0.41097327767719954,9.52971311758899,5.792144229342545,56.12246865766211
2026-04-27 00:38:02.232311,75.5487441433837,29.1640992609969,47.6313231799323,0.0210610837107638,-0.036779901841022554,9.952857337394198,5.88540147104591,56.87747095906291
2026-04-27 00:43:02.232311,79.06737247065334,31.035365034206713,53.42893999694547,-0.31789643405982293,0.016029190243461253,9.241286270521632,4.397293338652271,58.23118373838705
2026-04-27 00:48:02.232311,76.87695343453021,29.86180554694038,53.84795184910378,-0.17559840031745252,0.03673869202096513,9.703621401937905,4.542883251909515,53.79044753374585
2026-04-27 00:53:02.232311,74.58500959656472,28.634099498691445,48.97315351768364,-0.08083507577937331,-0.49812595768945955,9.11666847113459,4.7153085139342865,55.098308992449574
2026-04-27 00:58:02.232311,78.63825746058949,30.79049569150399,56.05442123664419,-0.0038964294414036357,0.1853229985236889,9.793322215783798,4.953415605128894,57.46896125618603
2026-04-27 01:03:02.232311,77.41227944399306,30.131304747985226,43.302903336197,-0.20156676548234642,-0.12592158023670988,10.466555304174978,3.474513291880125,57.047606397823465
2026-04-27 01:08:02.232311,77.95104237697291,30.413308977573813,43.08471647590219,0.09589720788985123,-0.03230666055063178,9.89463126964433,2.663407896115886,57.508685841636684
2026-04-27 01:13:02.232311,79.7057464530067,31.343815150124495,53.45925678119965,-0.037805157159488983,-0.00838114147504909,10.079750803587364,3.744036165477182,53.596406287229286
2026-04-27 01:18:02.232311,75.9271848483109,29.323246292952742,65.34901244443066,0.13098482506228945,-0.04600168266779879,10.131547562553639,5.928288214760684,54.31210340020989
2026-04-27 01:23:02.232311,74.48898423810431,28.550869966175227,51.22014310761155,-0.30937347336490756,0.29357277265780013,9.57707739195113,3.552162694769463,57.30166852631102
2026-04-27 01:28:02.232311,78.4745648266501,30.671176945398976,40.01084804897565,0.20124674207010218,-0.3152869179580011,10.059010619442136,4.539693177470103,57.75123184543277
2026-04-27 01:33:02.232311,76.05949621008527,29.377804348563743,38.10651732132223,0.14531194248168966,0.27916169727477436,9.675185866320671,4.572610291919558,57.461770703218384
2026-04-27 01:38:02.232311,75.72978528931547,29.19662252281918,42.68222685515754,0.18746427328391455,-0.15935148773648722,9.957219835977494,3.8250387943506134,55.121441851739256
2026-04-27 01:43:02.232311,76.52687786049442,29.616402559447284,51.417765848453385,0.08087224475077937,0.313246448246545,9.37833858259614,3.912792009784,54.35062521254172
2026-04-27 01:48:02.232311,76.95848450370792,29.841256767827154,43.95499231716299,0.3107698237698578,0.11217577235689671,9.540602166866098,3.509544160904108,56.72947524737231
2026-04-27 01:53:02.232311,79.49292503100413,31.187622381051128,42.43420528323364,0.5190596140119005,0.09707902319977323,9.949234916154708,5.118612118465498,58.19408269408631
2026-04-27 01:58:02.232311,78.34035545927773,30.56758260812972,51.40549312274283,0.03592691909195027,-0.30335227801386216,10.031713535266155,4.0925390594039,57.15943116347843
2026-04-27 02:03:02.232311,79.04716160080064,30.939209882274604,37.99519031166719,-0.19613783191250053,-0.06896724995191983,9.862912551064252,4.862411838363889,57.38580636061078
2026-04-27 02:08:02.232311,77.55369204189279,30.137356782856408,51.352688618797195,0.2762723743139751,0.11294626349971279,9.776746931327661,4.82954734157326,55.72111870912687
2026-04-27 02:13:02.232311,78.91131091275564,30.856084179315932,49.374895337628054,0.0770395159502484,0.15076364524145464,9.76586913874311,4.1479049934394805,53.927116927157655
2026-04-27 02:18:02.232311,75.6190998969376,29.09490230287897,40.84355994622979,0.050140792213273,-0.38545575920090047,9.82659724937711,4.76115355089761,54.33984357956578
2026-04-27 02:23:02.232311,76.83841559855193,29.73986800907262,48.59424872282646,-0.3049713124859036,0.08786953211961142,9.800233715706609,6.877443208319933,56.86015443683495
2026-04-27 02:28:02.232311,76.83544911882903,29.732949885219742,55.79866280653798,0.04920898751981261,0.018091985552022752,9.65850415243284,3.7724843362120577,53.711957059278845
2026-04-27 02:33:02.232311,79.98423359579668,31.40696560493515,53.15127566738825,0.14950535962261383,0.05148267473007083,9.865228491368983,4.28112484228069,58.29118153138588
2026-04-27 02:38:02.232311,75.35876514778856,28.934713097996823,47.96597264796,-0.12633076579654515,-0.17758108725723976,9.851029527112065,5.41992068245756,53.636657687157545
2026-04-27 02:43:02.232311,76.44012493325974,29.506102315580783,31.30601074027549,-0.052895801389066716,0.41578171675825154,9.36246321110487,4.179534992214119,54.55275698422847
2026-04-27 02:48:02.232311,77.67028717961784,30.156852845637772,46.640560178887625,0.09649615159570073,0.4400148004186177,9.531891179238217,4.6435089087480925,54.06143611950584
2026-04-27 02:53:02.232311,76.68379693570692,29.62538871421795,52.67890565767927,0.3522791246361096,-0.06717620352942827,9.89383988419696,4.602095661071395,59.00406022850242
2026-04-27 02:58:02.232311,78.10004123426215,30.375383005446732,62.15772804279172,0.4273037764833234,-0.27975776446971456,10.22108654633361,4.6520406537495465,56.71070258760054
2026-04-27 03:03:02.232311,75.09790607159366,28.768908250689535,53.87146979220292,-0.25100766743217207,0.3917326862879882,9.8313906082289,5.861777799704187,58.445747543313686
2026-04-27 03:08:02.232311,78.67178175323545,30.66963927956449,55.62366046925674,-0.1837080351657737,-0.556125028101641,10.005979137036316,5.324873999046766,54.348086065150866
2026-04-27 03:13:02.232311,77.65059218062237,30.119668839503515,37.76028577530354,-0.03178102052086933,0.012564541381858545,9.083736435856398,3.2779143434834275,56.164694644035514
2026-04-27 03:18:02.232311,77.35889254847964,29.958759701026732,62.21298019046677,0.08276177650277097,-0.08849885972844798,9.649097374864903,4.434334314780543,57.46386572857771
2026-04-27 03:23:02.232311,79.12558235204168,30.89565826159248,55.81682794787986,-0.05984498397582477,-0.3078683530534826,9.953680139273578,4.94605519983614,57.35258763545459
2026-04-27 03:28:02.232311,79.64318210935961,31.166375464161383,59.612813495681976,-0.3183849498235522,0.07386472285645941,10.201266816329088,3.5207330880233774,57.51996077956141
2026-04-27 03:33:02.232311,74.90044271174723,28.631578450767442,48.3277167992647,-0.21865208031346844,-0.3731951789210594,10.016269971349391,5.333606480497485,57.95820398025236
2026-04-27 03:38:02.232311,78.35725614626217,30.469876281174745,46.90378928346895,-0.27103180861684495,0.5271405091460106,9.53577416398311,4.241403915204595,56.40064283654753
2026-04-27 03:43:02.232311,76.04543049298897,29.231566598095036,46.03381399297184,-0.21900379577160747,0.03150165019109556,9.50134939814864,4.34433463405678,55.418061995946545
2026-04-27 03:48:02.232311,77.17991266082323,29.831287752939307,42.28265253959274,-0.16090596871341423,0.24419808859449202,9.434632419905665,4.342267194893115,52.431637659476344
2026-04-27 03:53:02.232311,80.3926084324326,31.539389496463635,60.02963743334202,-0.2653355496508138,0.03514439712191063,9.792695371550824,5.083721847567437,56.061628786882984
2026-04-27 03:58:02.232311,78.16075859272323,30.343733580617975,59.87679535068462,-0.5910400593435515,0.17236443935302914,9.864005592041877,4.045030700828549,54.5396139581067
2026-04-27 04:03:02.232311,77.99129805611653,30.24801862642707,56.354601259948474,0.21117038678294042,-0.4907556635316264,9.810744567371074,4.540415088710115,56.27578336543025
2026-04-27 04:08:02.232311,77.01678193164337,29.72294069204071,46.60932552125919,0.17679464344424686,0.6828591858550552,10.24042233759844,5.933677600511853,56.07435928437558
2026-04-27 04:13:02.232311,81.04593040449345,31.86648387622675,51.098669706447744,-0.012738876446786248,0.030526239565630345,10.14472068490933,4.944047373691285,54.98932431695413
2026-04-27 04:18:02.232311,78.68838918431804,30.603792557465873,58.67279782572132,0.1769666593357855,-0.6291624466896893,10.078336362709543,5.907180587292368,56.58428694453802
2026-04-27 04:23:02.232311,74.67786394206955,28.459509760266013,52.45488451986993,-0.1514847783483613,-0.1513633464417733,9.753075838795843,3.350150628530769,54.581354913304274
2026-04-27 04:28:02.232311,78.8860959990083,30.698564189299343,46.11036486222913,-0.05396615234169036,-0.007419526123723479,9.44048331101575,5.856835972261576,61.10357200086948
2026-04-27 04:33:02.232311,79.74781215418788,31.152810137394454,52.510351685461444,0.14785037039482132,0.022272048714411113,9.783827222326268,3.9922046951748356,57.12947815420969
2026-04-27 04:38:02.232311,75.29648327846755,28.773432069009605,68.80754471916342,0.3799059746617472,-0.298769874901049,9.691858132282562,5.054527522804591,54.171419182236896
2026-04-27 04:43:02.232311,75.37395180997372,28.80941261781223,49.97901818379482,0.028085467898120945,-0.01675139385568322,9.52532873270631,4.102633688075182,53.81854479798395
2026-04-27 04:48:02.232311,77.86186334744234,30.13096276979482,46.195854594456215,-0.13911398829915986,0.1254490062912175,10.025410436194145,3.6285599554017454,54.63169534666982
2026-04-27 04:53:02.232311,79.63524797350827,31.071431902362654,30.082653764108585,0.11993854635624335,0.07055490082415428,9.929019754750014,3.673985334353379,58.69282319548781
2026-04-27 04:58:02.232311,74.11560109473385,28.122284232348967,50.4514514502693,0.14697251757768978,-0.41687087891782704,10.354523871864462,3.873318644134531,57.59751445825154
2026-04-27 05:03:02.232311,77.90906579805197,30.140129406117957,57.62633178279947,-0.4492929431377829,-0.12581661959086235,9.616417373297047,3.7893546080046354,54.45747588085186
2026-04-27 05:08:02.232311,76.8443938626699,29.56696837258019,52.658882306612135,0.16932335069225785,-0.31988027970373417,9.979942463252232,5.117647639723685,58.31816417549106
2026-04-27 05:13:02.232311,81.00498268624094,31.780613077150743,44.6852978635053,-0.11687951527194694,-0.15381116456872604,10.160200001011555,3.1457969470931006,56.85165010439943
2026-04-27 05:18:02.232311,78.14799864709649,30.2515522549397,55.241847674084404,0.08393845017476133,-0.14750309263327244,9.513204664484102,5.138711022483179,54.563635531799775
2026-04-27 05:23:02.232311,76.62869003805005,29.43591832878094,43.94474551509079,-0.0034311272354747686,-0.20202968182708086,9.689715708961955,4.0519810062897985,57.209832116375
2026-04-27 05:28:02.232311,77.52415649098856,29.908164435680817,39.49352213970931,-0.24107303585123566,0.3036188095641627,9.594123934341138,3.5838824859246223,54.450504301104175
2026-04-27 05:33:02.232311,78.35678602655652,30.346897519983052,57.66747206747615,-0.16719823958079458,0.07410479639801802,9.778701630591835,5.1328386540160125,58.0188362287117
2026-04-27 05:38:02.232311,79.72406364692263,31.070776249510985,45.69511390780265,-0.031417646435726546,0.2355080368487462,10.09163445529754,3.5942680683756274,59.81885302361073
2026-04-27 05:43:02.232311,78.87166846340278,30.61082948363306,41.80988251859371,0.13480426052899855,0.2933582527097221,10.245205207153429,3.241397580093671,57.12605776825819
2026-04-27 05:48:02.232311,76.61256328435618,29.400637386807546,56.44832151625249,-0.06866407036508917,-0.38932735557214193,9.989550891995115,4.551951763280694,57.12735916707586
2026-04-27 05:53:02.232311,78.25998196067998,30.2739246795129,56.34388685944024,0.3027936419593049,-0.5526511941380596,9.661736644004806,4.397780645651584,57.480690051463824
2026-04-27 05:58:02.232311,78.17046517176665,30.220846390758457,55.324560115272945,0.21680367758897187,-0.5547286489262878,9.795351879329294,3.2305194068574563,55.830512333952214
2026-04-27 06:03:02.232311,77.34534777473928,29.77544777767653,55.90712374142635,0.28709012217403157,0.14657798991121937,9.683482183978064,4.20507682388657,56.243187377902956
2026-04-27 06:08:02.232311,80.6426348296844,31.52866487231325,43.467994768051994,0.18425181199723492,0.570995942531536,9.804998412664679,4.757010578298104,57.679566839847155
2026-04-27 06:13:02.232311,78.13711451189786,30.187051368159764,67.35309980521879,0.4855366835242522,-0.04924014308865443,9.686166849421474,4.173459425417529,58.186415551158404
2026-04-27 06:18:02.232311,80.17476307434394,31.26846126679701,59.85237783653001,0.3263072041673944,0.28811594609831787,9.530581336974699,4.702100831661074,56.35768738886003
2026-04-27 06:23:02.232311,77.22164881429066,29.688130993434594,48.3676167530414,0.0992417652795009,0.10927156982695561,10.32042389658119,5.177115987055069,55.50485982442317
2026-04-27 06:28:02.232311,77.75145791113101,29.96535984374878,55.16847590575596,0.1746798656511005,0.004046504931273332,9.608612643355361,4.7193502727257055,53.46938137438918
2026-04-27 06:33:02.232311,76.9157809393439,29.514329457461656,56.59486458354596,0.285883150067946,-0.5105487257319412,10.036817130847798,5.318428901032645,60.440507215327315
2026-04-27 06:38:02.232311,76.16081227117692,29.106343499771935,53.24075612613294,0.451275092794273,0.1139364875273678,10.415682521594325,4.440570196591926,53.684156261678694
2026-04-27 06:43:02.232311,79.03279434014023,30.63273126855169,51.623230019276455,0.17338842608010913,0.25201372154142304,10.327804902089717,4.145543639382427,56.672660184290706
2026-04-27 06:48:02.232311,78.03342812520627,30.094399952586247,52.675256967325836,0.41179939905345586,-0.2858006390880589,9.97579599551026,5.223493751610849,55.0346355381881
2026-04-27 06:53:02.232311,77.7238235773531,29.92394152573056,52.705183621284014,0.10620405597713159,-0.2753322942385103,9.626611596865358,5.105630312100276,54.789442558976624
2026-04-27 06:58:02.232311,78.48764343235557,30.325976113731205,54.740530020565956,0.05165060608890051,0.017835495142280958,10.199991387398393,2.748001577785155,55.19245176349769
2026-04-27 07:03:02.232311,78.53273370660759,30.34468825866495,41.51167859295961,-0.15217931311469737,0.4034707580042574,10.557197134695617,5.337057949257225,54.28888772009634
2026-04-27 07:08:02.232311,77.24769528341392,29.653998431627663,52.82212760474643,-0.8797567711660256,0.04083497946212907,9.892011941154221,5.174843454194961,56.56838784287779
2026-04-27 07:13:02.232311,79.62206750558455,30.914994282117995,65.69251340679975,-0.1265925288333862,-0.16035981525857357,10.213693819048986,3.7853831602538057,59.391683158801605
2026-04-27 07:18:02.232311,78.60476403782012,30.367096431309633,65.12679959339545,0.18516111057279647,0.13269392839225325,9.757539018051974,5.103075829041605,55.032835103289216
2026-04-27 07:23:02.232311,75.60293395761234,28.760784387198143,42.37377862979823,-0.08133588098270274,-0.14242702158178194,10.136098897450413,3.8011419997216542,57.314274246552934
2026-04-27 07:28:02.232311,78.80419200938883,30.462786013478276,50.7868661848318,0.15864363788383043,0.12176919955172372,10.0722430697684,4.920955365067311,59.612402200395096
2026-04-27 07:33:02.232311,77.18829578912359,29.595638694669486,50.2487401463844,-0.5204164450093743,0.834060927677587,9.954806888249696,4.778344387149164,51.43451729843859
2026-04-27 07:38:02.232311,79.23434517027272,30.68152902994835,41.98324837264116,-0.17744143992290445,0.13815871861253262,10.172856252053933,4.017253892879046,58.24779473978465
2026-04-27 07:43:02.232311,78.31939977082963,30.188222148911372,46.24560863982684,0.0936495799795129,0.03734448091561567,9.43533696767873,5.148072563978484,52.56245164967534
2026-04-27 07:48:02.232311,78.87104461391368,30.47709673055553,65.61370796621385,0.005688527823490866,0.23743297030110025,9.57813668990938,4.080408492426475,56.558468433012315
2026-04-27 07:53:02.232311,75.83844887615354,28.854376335749457,48.74937197271083,0.22669247199740847,-0.4079074569371366,10.102551094176981,3.6953698389591247,55.51100770395455
2026-04-27 07:58:02.232311,77.45210617821218,29.709657562180062,40.435823235051956,0.047479589173051014,0.31547310797843614,10.15515149660524,3.782144938759628,57.89380276897702
2026-04-27 08:03:02.232311,78.10341385087963,30.05168565293537,52.75495342469877,-0.12784794024386995,-0.08344960411845768,9.2487658965447,5.85267175714316,56.83977956318391
2026-04-27 08:08:02.232311,75.84123891871214,28.839856354445374,34.933862785721814,-0.34257686695209594,0.03510755279317221,9.62865246871783,4.871828262184723,56.68886535180281
2026-04-27 08:13:02.232311,73.59422457043314,27.63611270069591,49.79342537412046,0.2632162509303469,-0.2030060127635512,8.845430867337889,3.845073274536862,58.51013775361058
2026-04-27 08:18:02.232311,77.97373534329411,29.96651577822109,53.65610468475361,-0.039214140734223205,-0.28280342093231575,10.112968988780093,4.508990149407097,55.74434282532391
2026-04-27 08:23:02.232311,77.56201967331019,29.741598086229004,48.290020290722616,0.3055369500109885,0.020262634195831093,10.01219502575096,5.357072088395765,58.284809226206754
2026-04-27 08:28:02.232311,77.66383053225535,29.790561209665743,47.574406217948294,-0.2140507339342134,-0.27456749260347735,9.84171294654209,4.492401356551405,55.27483343663064
2026-04-27 08:33:02.232311,80.22011331511071,31.14857602585461,32.0315095247151,0.2400474927052408,0.097910831897444,9.915283251004528,2.700302411589057,55.95581750187068
2026-04-27 08:38:02.232311,76.16368029934978,28.97980908278144,55.36531387479744,0.23215613853293332,0.1990576244331223,10.191886282988344,5.439906526937042,58.96668935111737
2026-04-27 08:43:02.232311,79.076183835613,30.527808300787825,55.48082279996926,0.10019790750070393,-0.0182367719406775,9.61242766939493,5.7847503722089,56.13155905467936
2026-04-27 08:48:02.232311,78.07907084514731,29.9906787045388,49.7908927382678,0.03435182342568914,0.10905320830019997,9.517941683890642,4.157343580576043,52.30839284312284
2026-04-27 08:53:02.232311,79.73498664880674,30.868497798489823,48.52820140170695,0.054159639072187814,-0.08329714190796113,9.769299068250081,5.16408521466669,57.47814787810487
2026-04-27 08:58:02.232311,75.93439116042067,28.83617753668326,50.87442960807728,-0.0333608888277359,0.7857495129602146,10.346314846841384,4.2441038057481375,55.41453947888791
2026-04-27 09:03:02.232311,76.83612537462879,29.311766449593588,55.29038115496177,-0.2554787650404351,0.5504670743240481,10.080402514613441,3.834744918356618,55.61115317839457
2026-04-27 09:08:02.232311,78.43666507436251,30.160051621450897,47.98417103146873,0.16617044741433354,-0.09098520310742247,10.195567586456276,5.1331025896260325,57.55142547442905
2026-04-27 09:13:02.232311,78.61918267964158,30.25205834293241,53.17987127985688,-0.17064524654214594,-0.0906446614915701,9.784966451364676,2.933092293739819,56.63921440424359
2026-04-27 09:18:02.232311,75.51444680469035,28.59086320829108,44.59918278861779,-0.2394456785210347,0.20683221396797863,9.827295241026432,3.8108872425137914,54.783072974988016
2026-04-27 09:23:02.232311,78.73111113894281,30.30108151855839,50.070496680499545,0.06461428087612964,0.15351333751895083,9.524078688707396,5.272897615365683,59.12056293496753
2026-04-27 09:28:02.232311,77.57279203468428,29.677975328286507,54.02106204435191,-0.000791454122579036,0.039919385231640035,9.869722769243998,4.02079671396757,58.22584213933857
2026-04-27 09:33:02.232311,77.8844327228236,29.838847693960147,64.5378840141453,-0.1158305286480184,-0.44018676042761634,9.54738866632602,4.80899023226677,55.221428459563754
2026-04-27 09:38:02.232311,76.7475870161902,29.227193982421664,61.360244363072965,-0.45327463718008937,0.09200740790076688,9.42813531674619,5.307158159163176,57.67195752681431
2026-04-27 09:43:02.232311,79.82698816546244,30.864205260699524,48.76110780617065,0.16228739732894634,0.2655278390421816,9.950194117307088,5.002255659805531,52.77885531661224
2026-04-27 09:48:02.232311,79.16248829641556,30.50446932920719,50.66631547664749,0.07820981049885967,-0.5320253993400463,9.993423463642092,3.5748511980558777,55.88885329824965
2026-04-27 09:53:02.232311,78.34241934690505,30.061763221467587,53.75305153911755,0.16424024214269137,-0.32635447231874,9.771035696611248,4.17850424504887,53.54164470574083
2026-04-27 09:58:02.232311,79.54789932442537,30.699349874811094,52.03924651510931,-0.20124406852771262,-0.05990907256776596,9.607710920989106,5.982479930023345,54.94767180629318
2026-04-27 10:03:02.232311,76.94369141294432,29.30510298735386,50.137055325144175,-0.018336259926965248,-0.34878557886245865,9.787871609956998,5.414768213116553,52.504133046992834
2026-04-27 10:08:02.232311,80.77255797461503,31.341829152244248,55.14858084044097,0.5017429998381564,-0.17028887304853904,10.105135431022799,4.489348504104135,58.52002070004956
2026-04-27 10:13:02.232311,82.34143885480157,32.17322962034306,51.33837035404554,0.3582895525980152,-0.27232747753407394,8.952512454674931,3.967548742893234,57.80213644758208
2026-04-27 10:18:02.232311,76.06387669207913,28.8198604655571,44.99280100201164,-0.18142173975157536,0.19198006380856728,9.972558516396806,5.7669857035172525,59.0054565647588
2026-04-27 10:23:02.232311,75.43222983200218,28.47764613884872,48.54047534596227,-0.3279774924312531,-0.34964145283265463,9.73822063650941,4.821168427113726,55.205613884145805
2026-04-27 10:28:02.232311,77.84449448383667,29.75885128515978,57.45238669182053,0.10472423311111335,-0.08691136952500392,9.766154951002768,4.116768713429173,55.477391089374706
2026-04-27 10:33:02.232311,79.6816788900332,30.733346967130593,53.19705232358717,-0.16780763651641,-0.2642151534761518,10.244715027511559,4.491365211343043,58.89477844957634
2026-04-27 10:38:02.232311,80.90618286233101,31.381079751022092,46.65287787275752,-0.005161122931315388,0.12080135367685567,10.073166464939217,2.5916846537544065,59.976488719354734
2026-04-27 10:43:02.232311,78.41092175823232,30.044937827502128,36.0393254325644,-0.4885727474335536,-0.1550498554045392,9.463347039015412,4.377927167454885,55.321412983732166
2026-04-27 10:48:02.232311,76.0557858509725,28.783529342296216,59.663130258277974,0.13580552946670302,0.21252486794050218,9.097703521298767,4.0009764637685965,55.953332290203605
2026-04-27 10:53:02.232311,79.26927347315669,30.492053406127127,49.841794923977986,-0.09298713355991366,-0.40560311128743154,9.941352474510156,4.8586522971468415,58.09508849635844
2026-04-27 10:58:02.232311,80.5019541131754,31.144147079469768,62.268655395675246,-0.3286818209760954,0.5262512160650697,10.518808427400632,5.130649168069356,57.325536546744836
2026-04-27 11:03:02.232311,80.05638322904832,30.901173273267993,59.42550335766392,-0.18887794690292564,0.038630912736276356,9.649276100488379,3.2174333473624,55.5517242130843
2026-04-27 11:08:02.232311,76.31074245619777,28.89816219308037,48.615080363943775,-0.27770404820284483,-0.26604815828568035,10.11283735731507,5.579385526114983,59.54200919137979
2026-04-27 11:13:02.232311,80.32954813444454,31.036189220144635,52.42721029896298,-0.2774129725966034,-0.5774262220222833,9.834672987226433,4.3327524958340415,57.9926032527194
2026-04-27 11:18:02.232311,79.05370305605248,30.35040251033488,58.41503143756558,0.4206439782068879,-0.20507306574631082,9.911807699097281,5.166106876511057,57.441633870065296
2026-04-27 11:23:02.232311,78.99276058831111,30.31256385953881,67.22775691074781,-0.4020844815990683,-0.04530498152010105,9.402608874660036,4.7110814428943755,58.5321933223753
2026-04-27 11:28:02.232311,78.17539973308465,29.871302068750698,50.38361314365241,0.019900863590720987,-0.3594597412997846,10.032588958265295,2.637419135373822,54.87132585380655
2026-04-27 11:33:02.232311,79.70565075007964,30.682099943147364,58.23214026105177,-0.44331456383897,0.3784392971656235,9.88594755030542,5.7826194766591135,58.11528154969559
2026-04-27 11:38:02.232311,80.99362682306871,31.363684514074198,45.111719318422644,-0.2581266636877207,-0.18876717278678826,9.84227130548631,4.391582594668401,57.07208937532535
2026-04-27 11:43:02.232311,78.60634139037649,30.085129615304343,42.75192922377726,-0.1680002520059805,-0.20383971354630154,9.855074468901329,4.354893197240225,58.889420464194224
2026-04-27 11:48:02.232311,79.21215833963565,30.402895986908568,59.947815852143705,0.22064768722006528,0.27613081213738483,10.110247689347322,4.2227667354450364,57.313618717193506
2026-04-27 11:53:02.232311,77.89192645143166,29.693436311865767,59.91187716628267,-0.022942009442050895,0.0072454925617019324,9.92548792370083,4.529102315715427,56.0492743406792
2026-04-27 11:58:02.232311,81.13822022006285,31.41945698713507,32.51151391183155,-0.14384948212062398,-0.2463611845676124,9.67342820291421,4.523217469138794,56.954787733363716
2026-04-27 12:03:02.232311,81.38554978423598,31.54603008669341,40.90204536860354,-0.25551612083294195,-0.2683620281174709,9.975646401356146,4.787055905915545,59.51312008484173
2026-04-27 12:08:02.232311,77.6553640152797,29.551261675249393,52.31894932456527,0.1958703563477763,0.24912683111191616,9.895946295060327,4.424543325178494,57.408846480029524
2026-04-27 12:13:02.232311,79.97578547557572,30.78348378607327,51.382579647917396,0.07962199629648362,-0.38201128161797304,10.04972539140381,5.0434155607999385,59.406232418639334
2026-04-27 12:18:02.232311,78.71918498385585,30.107960855822,42.273403298011814,-0.09291233279749549,0.3142585955925197,9.734393364180445,5.733759062689206,59.258847972718485
2026-04-27 12:23:02.232311,77.36732781034824,29.381634361950614,36.60654233160564,0.046240220089134886,0.12036286431270476,9.597618975446455,4.20146022952602,57.91504575439521
2026-04-27 12:28:02.232311,76.55890917168033,28.945141753327054,50.31948303681059,0.10134228299527172,-0.4657714659469811,9.737391510358567,4.44768934978317,56.60023243736315
2026-04-27 12:33:02.232311,80.36572119297553,30.970105496683832,59.89907636482082,-0.3315060556257846,-0.08823920757717128,9.63759685142331,5.169869704402666,57.96326198213224
2026-04-27 12:38:02.232311,76.72611443257756,29.02364588980425,52.57348146020902,-0.13270183060212704,0.12230306681681682,10.272491476474354,4.019569873788599,57.20359615586199
2026-04-27 12:43:02.232311,76.244736339134,28.76157490530034,46.23171854917639,0.4950602183064942,0.10860754586975016,10.232591030013399,4.913618706162737,59.522838794945436
2026-04-27 12:48:02.232311,78.36285702406653,29.885903269263697,38.55715780066813,0.06626856171462173,0.11522473749978472,9.748578998033443,4.9292663428766454,58.36565946384936
2026-04-27 12:53:02.232311,78.8682519025197,30.15011120310472,49.66497274840338,-0.05401292621873718,-0.7659889480629789,9.909508933700158,5.736188440099753,58.50816378157617
2026-04-27 12:58:02.232311,76.4368483457457,28.84802663815792,47.54661647024505,-0.24549731233195268,0.13444223121549012,9.741347704580235,4.396875605082627,55.5774284741467
2026-04-27 13:03:02.232311,79.3993749059403,30.42270480226104,46.59997056788937,-0.07305645635860139,0.08073228198467282,9.597004061473248,5.332848970146939,57.92581374579915
2026-04-27 13:08:02.232311,79.64898922212598,30.550496436226066,43.63605583690884,0.13994785952175107,-0.33688184965297263,9.559057246655891,4.314422515482822,57.345461040364555
2026-04-27 13:13:02.232311,79.75733897129524,30.602946967782348,50.994722389307626,0.050251387229979474,-0.17544081807449904,10.140662572145509,5.0506113722938935,57.140365754760424
2026-04-27 13:18:02.232311,78.24493155930789,29.79099368005508,47.7383121364317,0.15515805514531802,-0.04093034722362528,10.084498113001683,5.034126631957996,52.61945391118438
2026-04-27 13:23:02.232311,78.2023574688202,29.762951497127652,41.60058352093586,-0.3171409055836802,-0.14342788736115983,9.698877798840604,2.75746841240624,56.60354016832472
2026-04-27 13:28:02.232311,78.14588744389543,29.727498149167115,47.4652832978472,0.052215476815497236,-0.0629070538241344,9.889592544904602,4.542798395704574,58.632674712969745
2026-04-27 13:33:02.232311,78.40162805273435,29.858557139213865,38.97364680090753,0.38040875577437805,-0.2152639793191269,9.523682416786638,4.8897355636223185,57.300977770699554
2026-04-27 13:38:02.232311,78.73892508718876,30.03311288958888,37.87050437111496,0.11026059194740741,-0.0718528310208174,9.582958626677698,5.735419520441813,59.93995581380155
2026-04-27 13:43:02.232311,79.12425708194472,30.233287285458065,65.98340394281547,0.039285345830156894,0.0013890584490035894,9.205414377948939,4.997120389865424,60.79593473876285
2026-04-27 13:48:02.232311,78.61094751956357,29.95418618418745,46.23334112099287,0.327374997532894,-0.12293314424378378,9.774161833056871,4.347961261764301,57.8513622053027
2026-04-27 13:53:02.232311,82.10609771891265,31.812930289172957,40.15687322411486,-0.41722895502538243,0.2308984914693096,10.263457738025405,5.350377237351315,59.52045757972591
2026-04-27 13:58:02.232311,77.1393575207406,29.158666182147197,48.24545913300383,-0.18306025967231043,-0.04181756852946038,9.199985893330869,2.2572674650952935,59.12460240698933
2026-04-27 14:03:02.232311,77.32875952106684,29.25434458098719,63.01220584416161,0.37969266042266187,-0.15760809030492773,9.645959058215036,3.4720523800649215,56.701974277963686
2026-04-27 14:08:02.232311,78.89831621139086,30.086105481159343,39.035354415592806,0.41998427225362245,-0.18846459363674184,10.038360244777296,5.162349607807578,59.378798751837664
2026-04-27 14:13:02.232311,76.07895440094605,28.577109847588094,36.91285168978916,-0.2327076883053944,0.10241240646154053,10.402906368175854,3.9198484607095585,57.81273708642171
2026-04-27 14:18:02.232311,78.27871232285041,29.744978071269763,60.59981507275758,-0.13652501580841417,0.26455609386869466,9.481003951115571,5.393780547243941,58.42538329415448
2026-04-27 14:23:02.232311,77.86519280987504,29.519098329682226,59.246416315084495,0.3916556127621793,-0.02699046250349405,9.41616808593236,3.713641330825573,53.269707908623765
2026-04-27 14:28:02.232311,78.91285412068021,30.07251502744432,52.28848115595219,0.04035584013371831,0.02625347862633267,9.450402803943916,4.387679336449876,60.123729969366636
2026-04-27 14:33:02.232311,80.84758487822012,31.099035430131604,45.424281823281106,0.3884430125921505,0.06588268284831664,9.132206074470963,4.641483204225107,56.7737321476353
2026-04-27 14:38:02.232311,79.7452429247992,30.50578372030645,74.13251484873014,-0.36523773909185453,0.3565235746648755,9.280366217272398,4.987120694239168,56.50866096720238
2026-04-27 14:43:02.232311,79.23337474319155,30.227451355448366,36.15202195076502,0.2254229675072974,-0.01758427046406043,9.332944933926592,4.858047766742166,57.45711422207479
2026-04-27 14:48:02.232311,79.21519296520464,30.21241840585468,49.20703801969299,-0.014450386321327129,-0.03741563972585744,9.423506523605505,4.0272025491328,55.98483143883721
2026-04-27 14:53:02.232311,80.28239382160037,30.776256194598403,54.91222795019253,-0.11168527007929437,0.20445958801916728,10.10633546743049,5.62242840809675,57.092746524842376
2026-04-27 14:58:02.232311,79.04452320319041,30.110722530112422,54.135182301872405,0.06358284878534624,-0.08786921158068073,9.580438614749472,6.117200752033961,54.96694941121697
2026-04-27 15:03:02.232311,77.26641367293843,29.157061445977362,28.124831625770756,-0.05181762339850112,0.007946514469327249,10.0867872615485,3.379315786151834,58.288069748105976
2026-04-27 15:08:02.232311,78.21734576440441,29.65888922675856,57.30520662634314,-0.17254796563467648,0.2590941348154235,9.631816846327759,3.4352683124075174,56.09185879783751
2026-04-27 15:13:02.232311,80.1790707366683,30.69980654396529,53.77541500838365,0.01720445013505076,-0.3298645195777901,9.577557826923481,4.366436237012381,58.27601992182486
2026-04-27 15:18:02.232311,79.00527161835919,30.068444346199772,50.679347111718585,-0.002520824754290982,-0.11237708890174311,10.118836712723715,4.438568607348172,57.37821614632418
2026-04-27 15:23:02.232311,80.0846397674708,30.6387713577253,55.29737455586939,0.3964904204878329,0.07691121142349083,9.801465903304184,5.405901378374257,56.92654265053295
2026-04-27 15:28:02.232311,79.65131566754681,30.402329169765167,54.24448497187922,0.4096300279536441,-0.1458937464765865,9.734024063558826,5.074252528083881,54.21064563752
2026-04-27 15:33:02.232311,81.01209579457067,31.12274256951056,67.53974624330442,0.27099570247347143,-0.23063778169187113,10.120419285801722,4.277657096231834,57.65311345193338
2026-04-27 15:38:02.232311,78.738422338707,29.90478072504927,33.98025604831332,0.07743068674167075,0.4913613783801569,9.147725565378801,4.744890152708648,53.37606169238339
2026-04-27 15:43:02.232311,78.92043359556087,29.99651739403733,48.62338783897576,0.409622489324757,-0.3165884149657446,10.238574508895947,2.8360984099230335,58.64635889148879
2026-04-27 15:48:02.232311,79.10504506831954,30.08964084484129,47.36073854223442,-0.22969037990994573,0.023978965163239312,9.357434996888987,5.025702084741559,61.88595759554935
2026-04-27 15:53:02.232311,76.68125997345604,28.791619459580087,56.88689796016978,-0.11548890433731228,0.3685152116841958,10.634437334204183,4.655707999125081,55.303258293605225
2026-04-27 15:58:02.232311,77.14636873854437,29.034341466293196,50.00719160538333,0.6240984718108252,-0.11235069339026468,9.77751404225556,3.7845518306570383,60.487147953016894
2026-04-27 16:03:02.232311,75.9952663781778,28.415084206097028,40.99264770000984,0.0969617922065194,0.1471424499971808,9.506812589767895,5.8647371717010985,55.897049645236066
2026-04-27 16:08:02.232311,77.66531631577637,29.3004415048156,47.874538060998404,0.19538174491765145,0.17067627786567616,9.574263170724658,5.7663450010228,58.899889312584975
2026-04-27 16:13:02.232311,80.41763233106862,30.763007378304135,55.53843866447982,0.5066496824925112,-0.17347175391337777,9.615262376725271,5.118259476320986,57.49459396633736
2026-04-27 16:18:02.232311,79.33731323691751,30.181501193422868,52.146318129083554,0.10510636937272948,0.05979760636142589,10.208888615589231,4.1765173727508405,60.806907489219775
2026-04-27 16:23:02.232311,78.91015742585623,29.948348759522858,61.682950604454774,0.2026713987346297,0.013009758053283063,9.304343059011325,4.839451083653376,55.24137411341199
2026-04-27 16:28:02.232311,78.38878729542239,29.664948688624143,41.7140626146954,0.3294807995851772,0.06115690445009044,10.141342888050104,6.355754093906901,55.81310917627069
2026-04-27 16:33:02.232311,79.54232276637107,30.27483160512944,50.111532479541,-0.18595758782800983,-0.3472485140508592,9.780154511996198,5.069063970482499,56.62229837086126
2026-04-27 16:38:02.232311,79.74569227087049,30.377959339528466,61.94263186378452,-0.05066445619014696,0.4435936996774851,9.90916706610759,3.101403112133582,57.320798424668716
2026-04-27 16:43:02.232311,79.21700244271034,30.090655429842382,45.914594597588646,0.14805464625456535,-0.1550899745727948,10.222582224498625,5.374103293981054,55.295064063668974
2026-04-27 16:48:02.232311,79.11551605276114,30.031193353868805,63.815123881295364,-0.3538620608632114,-0.13448511277269207,9.663801756750903,4.5516939065910265,55.563984887940194
2026-04-27 16:53:02.232311,78.33464900473186,29.609394926919183,64.06833759145543,-0.36547209526131275,-0.2550778586563313,9.381464800121517,4.526909942490949,59.53322332545117
2026-04-27 16:58:02.232311,77.62650568200603,29.226382486798077,53.05595717136511,0.21758035801563805,-0.3808221569938427,10.005409982489839,4.827135675358138,58.871128916605265
2026-04-27 17:03:02.232311,76.20532049603607,28.463081052946766,43.65892955971882,0.026986309977783084,0.16744922990484362,10.038278872389357,4.593532528087434,57.61385247988171
2026-04-27 17:08:02.232311,79.63958017358708,30.2893502129733,53.22998163190245,-0.41027268725902594,0.09519857890325893,9.931193771027212,4.537319087586335,57.40006979201074
2026-04-27 17:13:02.232311,79.43287499306764,30.173771448695607,54.164064936246774,-0.032933272937377286,-0.48180158589372696,10.040514396560997,4.197388883848266,60.103114830635604
2026-04-27 17:18:02.232311,80.87271907848377,30.936352292916876,42.58656477430225,-0.17546274038207452,-0.0229678146571421,9.682681676096536,4.795707521864564,62.41198488498446
2026-04-27 17:23:02.232311,79.49737946521448,30.197501831172584,42.12665663842914,0.12386830094641296,0.3524771216218062,9.892018703101538,4.381551671276419,59.80094726237296
2026-04-27 17:28:02.232311,80.17989257217815,30.556172820219206,62.197225682651194,0.29037164764417867,-0.19891218631003235,8.93736908502801,3.1831476923253486,55.697526174019906
2026-04-27 17:33:02.232311,78.90349053589821,29.870089066202574,40.2831940023037,0.22957298961679923,0.14516108381154427,9.933739002024828,5.196463838126029,53.9170741635616
2026-04-27 17:38:02.232311,77.86977248627609,29.313436771736775,58.06590700237152,0.0867670030416224,-0.11492771387791323,9.639306025282345,5.244325812382462,56.20533237310977
2026-04-27 17:43:02.232311,80.35101272071785,30.631428895438383,45.87079671226523,0.09045609681654686,0.05684848098727949,9.648018963431678,3.6607185222072367,58.16349913127745
2026-04-27 17:48:02.232311,80.45154351290043,30.679709316601755,60.05299953557302,-0.11114859406396288,0.4157027673293263,9.464437843518995,4.352555575690436,57.1346083239387
2026-04-27 17:53:02.232311,82.83840705982321,31.947367206959907,52.81690921324476,0.014817714767353652,0.09883082402082849,9.781471758351197,3.739874958869085,57.91000609673208
2026-04-27 17:58:02.232311,78.7943850592131,29.785219471967174,60.502154753559815,0.00361520585855467,0.14059416095408891,9.45372377550653,5.328363097918025,56.83097181425833
2026-04-27 18:03:02.232311,80.987356727773,30.9494683605318,53.83182189060985,-0.3017378599575145,-0.08317649178730575,9.772656204098665,5.891082958313924,58.65687882473833
2026-04-27 18:08:02.232311,78.74590459667462,29.748691222611992,55.52951450123814,0.33856018120690134,-0.2065284972060429,9.82570822363627,4.060454942363226,57.5431612647662
2026-04-27 18:13:02.232311,79.34019208489786,30.060308548330386,51.26235218028841,-0.1218256266925838,0.016411258947167582,9.978979706931796,3.9115463658223306,54.33472655657691
2026-04-27 18:18:02.232311,79.79825281980743,30.299271605614823,50.81852395869858,-0.5933949373517541,-0.17868825370763264,10.187497731403136,4.448338950340045,57.384875323082504
2026-04-27 18:23:02.232311,80.36388710408274,30.59560722256098,29.36900951489219,-0.13639971904818574,-0.0072479618858689735,9.883098431745207,6.894459265623035,59.09450920315633
2026-04-27 18:28:02.232311,80.63674255563818,30.735794128723224,45.54787273796095,-0.19156246625125548,0.21032153739880738,10.354613101273886,4.263271050915696,55.034431462754554
2026-04-27 18:33:02.232311,77.06429210249414,28.825151219045733,49.23099718762521,0.05561804334384961,-0.2955966791711648,10.264805161281085,3.197674069581992,56.73756557130508
2026-04-27 18:38:02.232311,78.77077797443005,29.729941016077547,47.99557169304088,0.09428538453127858,-0.3228403995891827,9.431432849773556,3.9760559839512526,57.66453748412051
2026-04-27 18:43:02.232311,80.22398586237198,30.49964922164591,75.71242608556771,0.1258127828500566,-0.30964607698603885,9.764499704534229,3.8269651738723125,60.433421185736705
2026-04-27 18:48:02.232311,79.37908582631114,30.04369986774613,50.0147431557187,0.1784583395288054,-0.02844280998792063,9.479313109139559,5.43592122215834,58.561977115510494
2026-04-27 18:53:02.232311,78.93605599861571,29.802081291641237,50.85654657347802,0.40356670877698636,-0.16785749722271642,9.001035553331006,5.9561519959946665,57.156991534070194
2026-04-27 18:58:02.232311,79.46927630974051,30.08112945624046,61.27419063039643,0.35534599225807834,-0.0015033083077921302,9.598306340543624,5.0502131106555925,56.893244082778224
2026-04-27 19:03:02.232311,75.99918885770177,28.225080147152465,57.1616393177689,0.17441771043789853,-0.4336866551062358,9.111943405350722,4.590122479976776,54.42521397898131
2026-04-27 19:08:02.232311,80.85343758402267,30.808676799856283,42.36008385562664,-0.0822383719705755,-0.043824618362896695,9.76882516827396,4.796387057737103,58.274894991352156
2026-04-27 19:13:02.232311,79.47802238347293,30.069786024895755,41.63581560060905,-0.13471279394812002,-0.16875203037371636,10.007358734898242,4.1443756806579675,57.61959674657938
2026-04-27 19:18:02.232311,80.77435454921803,30.7558271786258,60.1018881993611,-0.3260249370858611,-0.244875589896336,10.111619822506961,5.0999470337886414,57.99789083055317
2026-04-27 19:23:02.232311,78.29378516190738,29.427520837392795,46.879786173946016,-0.07395124895961741,0.041100143211883704,10.036403641752702,4.628157316539663,57.56556825371829
2026-04-27 19:28:02.232311,78.2859192980767,29.41798970868243,52.60177327854637,-0.008448040258205752,-0.32208037843457094,10.01943486186237,3.5889639919940683,58.852605198910254
2026-04-27 19:33:02.232311,80.7939695411574,30.75028050365813,52.998475678649555,-0.6771215177612567,-0.10234222112464471,9.959839083298547,3.4482871759839986,59.98517046209668
2026-04-27 19:38:02.232311,80.06420113732933,30.355734686949166,53.19948893317041,0.1114622611337705,0.11428535651129333,10.163825265749235,4.821575878794796,57.75248143723327
2026-04-27 19:43:02.232311,78.24101675614052,29.378033682314467,38.94282452245001,0.27538087445362097,-0.16049307817402447,9.970875763757357,4.555918935504736,57.37224884261916
2026-04-27 19:48:02.232311,80.41522898196797,30.53227753475511,42.21836668086006,0.14454219879131616,0.5242786411377122,9.251453562412848,4.746286516990802,58.36225662999219
2026-04-27 19:53:02.232311,79.23869402404895,29.899456222530958,60.743345734290514,-0.22883820021517123,0.04884643586353883,10.011317860602945,5.360997479788688,57.95583843708776
2026-04-27 19:58:02.232311,80.50868339306106,30.57144788467009,53.94072762641037,0.05350375724248666,0.3480631660866145,9.278799659693902,3.806800838178094,54.27757752167357
2026-04-27 20:03:02.232311,79.17521207554856,29.854927180662752,42.338587345681475,-0.21504255690262208,-0.11384348143607828,9.685079416491554,4.828426477821736,59.11098849278103
2026-04-27 20:08:02.232311,81.18530943623708,30.92164310502929,50.46048732445447,0.044475559509702514,0.4433341159658743,9.90758995629386,5.740636975885806,60.70257787171296
2026-04-27 20:13:02.232311,79.53031562470946,30.03364373754723,48.87581418079647,-0.20062434419012604,0.010442750880099282,10.32186511772873,3.9290045344620275,57.190057636853226
2026-04-27 20:18:02.232311,82.44906411199221,31.584973596097363,64.94929670291265,0.21408852003929132,0.2748128333335474,9.83888051016439,2.656993525554892,59.920154702504156
2026-04-27 20:23:02.232311,78.75050071900644,29.607070451837618,48.66952795510751,-0.32704065067401156,0.4036374796606286,10.222082996956964,4.736112401180179,56.75438811108069
2026-04-27 20:28:02.232311,79.4182528491152,29.957868919894956,43.08042414208184,-0.253752632320954,-0.310674935237383,9.620432891526184,3.7145623058545674,57.816511514133566
2026-04-27 20:33:02.232311,78.86853160935338,29.659348257354655,55.7853329916034,0.18017789993589148,-0.03801149464511774,10.1847151559811,3.452421168356646,56.09127623277246
2026-04-27 20:38:02.232311,77.69112835328164,29.026063852782396,49.4871960292929,-0.1563930460892424,-0.18553907207532017,9.70363267948982,5.177370188241153,59.09248414167313
2026-04-27 20:43:02.232311,79.14014691702714,29.793537752112652,57.19142210470547,0.16459747154184348,0.3165976182719996,9.905291942901615,4.2337845693748255,55.69174645183515
2026-04-27 20:48:02.232311,79.64680666338424,30.058420282169106,62.95379090619204,0.0680902806850537,-0.1056647956441153,9.86199564049096,4.784883517685934,58.187943335087226
2026-04-27 20:53:02.232311,79.16973795310628,29.798647635353532,63.23336232983235,0.15434097486535198,0.2602670138859399,9.594005840975523,4.656190139021977,59.702335232293024
2026-04-27 20:58:02.232311,79.05205021729729,29.73054484158807,50.75107118457377,0.021467293803749732,0.5432071544739391,9.879470016100745,5.078619243015837,58.257307898255824
2026-04-27 21:03:02.232311,80.18119761000244,30.327420783030156,48.835998269589325,0.10637731709306088,-0.23720384958921395,10.136208741072823,5.2690648317646644,58.42653437790581
2026-04-27 21:08:02.232311,78.40812367936728,29.376445352024067,61.416060879823846,-0.1056453677038416,-0.1072662514672623,10.330357047046768,4.982418060578125,62.2282478609182
2026-04-27 21:13:02.232311,79.05310918998589,29.715101623019986,57.144298851839686,-0.22682609331713413,-0.20957614886728065,9.90846298379378,6.4086326335248875,60.49500937270869
2026-04-27 21:18:02.232311,78.4227681097522,29.373583712228022,52.795558083954475,0.2818995236305506,0.09766536996746641,9.767288595317119,5.666806265810878,58.589973377956966
2026-04-27 21:23:02.232311,80.64191745923421,30.551794030617756,39.79866904616361,0.004290429552096738,0.014186550301990793,10.528399873386865,5.386782725282014,58.53987046256482
2026-04-27 21:28:02.232311,80.28253384165083,30.354786766572623,62.26346755657564,0.3151329138989108,-0.23215305414672321,9.749344108407408,4.76550724547746,57.32192010604416
2026-04-27 21:33:02.232311,78.52811399040004,29.41376017790487,54.954395596557795,-0.06601325953606585,-0.23742399012475937,9.492034339953532,5.27819997408145,56.3687255164554
2026-04-27 21:38:02.232311,78.61453003277778,29.454512732505655,45.920496895049354,0.08043000765758457,0.2911062734860126,9.640153029079805,5.410732722310628,57.453169394416754
2026-04-27 21:43:02.232311,78.18809601478412,29.221745254908377,47.133167251110905,-0.12536521352773308,0.3628638431452845,9.458093201403516,4.814382733947008,59.37463854646809
2026-04-27 21:48:02.232311,79.36931717102166,29.8463938702344,53.543693127612556,0.1743301222341758,-0.28581694490648996,9.613448631583955,4.453718357792118,60.42723986934171
2026-04-27 21:53:02.232311,80.62072069687645,30.50847308268962,33.10700129869578,0.2267519712249093,0.3188420904271729,9.452682103907769,5.727805456170509,60.973279359981525
2026-04-27 21:58:02.232311,78.60780913953415,29.42958425077306,41.02081029276882,0.1340558058120835,-0.35434940284345234,9.869690269061808,4.898188870031232,59.717381694570896
2026-04-27 22:03:02.232311,81.7299379692311,31.08938362527743,53.79910339976592,-0.1909707024544694,-0.0717523456711695,9.2335635876089,4.002643072125982,59.90203288249987
2026-04-27 22:08:02.232311,78.42635088640007,29.32213451310022,54.1098950326366,0.06318777499020882,0.29806782459481773,10.171351108641744,4.071748609870171,57.72912936985253
2026-04-27 22:13:02.232311,78.05125473618035,29.116747231649033,50.03620112029233,0.180399659612071,-0.4902036320031254,9.716275849687191,4.387265784750525,57.57575636106716
2026-04-27 22:18:02.232311,79.42409272850387,29.843591492887573,45.561198215151364,0.16229479600257335,0.3754457201580486,9.828300274838373,4.408821602130423,56.870274327627946
2026-04-27 22:23:02.232311,80.17685887819145,30.239730771386945,55.51972089385141,-0.01271588409494893,0.10613131802171447,10.063435006991531,4.026843049810681,55.228910529383114
2026-04-27 22:28:02.232311,80.34353191505508,30.32328705638022,49.607272746889784,-0.0530931804402796,0.042984742018317694,10.127036702929692,5.349199488327567,54.31828229220623
2026-04-27 22:33:02.232311,78.90957438913703,29.553173707889933,53.264622307826514,-0.7228359544063802,-0.22091794909130805,9.589035053010154,4.687312393473125,56.94624182501325
2026-04-27 22:38:02.232311,80.24865669494395,30.262014936319613,57.094719791674166,0.27590199325239156,-0.16380009808059673,9.859626209428765,4.518487484792902,60.5481670687273
2026-04-27 22:43:02.232311,83.69583702826361,32.095175112756095,45.31160320998299,-0.41435869512769624,-0.07224329189362343,9.463538398485664,4.349929654651235,59.71326072741511
2026-04-27 22:48:02.232311,79.51639783517828,29.86080487510993,47.633698141475286,-0.13199267432168393,0.0901808789055218,9.252257240297691,5.162878540211268,56.119407396174175
2026-04-27 22:53:02.232311,81.80344819637605,31.07522906641474,53.92802656249631,-0.2735489592380693,-0.09668131830308589,9.768754993134403,4.427398729465844,61.066849292059175
2026-04-27 22:58:02.232311,80.07304523862783,30.14701148761502,62.15288577482141,-0.26948674337355727,0.2763940034394015,9.757478387842175,3.895423833879873,58.6052900477062
2026-04-27 23:03:02.232311,78.58252826078558,29.34673309809848,38.84966700755314,-0.15147744018895393,0.0892700231763047,10.211144586496099,3.7248602878875277,57.16865074564264
2026-04-27 23:08:02.232311,76.98230977009274,28.487947235061633,57.550176099363284,-0.1508367196964999,0.12497697847424631,9.77178644151869,4.570943134458766,61.13723397576324
2026-04-27 23:13:02.232311,79.14372911624497,29.635368218342162,38.22900719678747,-0.1437915659701958,0.49478666522508874,9.525017339620822,5.2941351396373335,56.94663350249653
2026-04-27 23:18:02.232311,80.29612546246037,30.244643601656364,62.09078573836764,-0.09910591772802811,-0.4174796409834127,9.84677222040609,5.49291842205588,60.45968280492556
2026-04-27 23:23:02.232311,78.85315501925498,29.469723363946166,42.758429519886015,-0.13970044572135035,-0.2772478438117188,9.674848533936455,4.489150401612742,58.75713180055307
2026-04-27 23:28:02.232311,80.1762575048892,30.170042021617075,42.448156637448676,0.22966712432959968,-0.25157218397902265,9.555400183428446,5.6770988007421845,56.4571113780471
2026-04-27 23:33:02.232311,79.06106729459003,29.569937908123524,58.70113441420649,-0.2253260537651649,-0.19264066454162637,9.30367660638769,4.528140679290596,58.51788874260169
2026-04-27 23:38:02.232311,84.3802665442747,32.401508173288015,47.97908644273924,-0.23271355639831195,-0.0427624672829218,9.894509057741768,4.647661264293957,53.72766524349994
2026-04-27 23:43:02.232311,78.89536053878265,29.47088896902492,50.98380091688719,0.005713891019493293,-0.3064109026330934,9.765880001465296,4.001518103906962,57.02217291285969
2026-04-27 23:48:02.232311,82.16070442911665,31.20706970920238,35.68390809437367,0.3053776292303791,-0.35164504245058587,9.298814320171783,6.308771017147366,57.30372376845336
2026-04-27 23:53:02.232311,76.7700961093115,28.326742603972306,55.07431887547938,0.49634547070043505,-0.24044681914722377,10.15306269624554,3.0313749918888893,57.64497015678766
2026-04-27 23:58:02.232311,80.97306533864317,30.56299019161519,48.94911059594981,-0.07800315232327847,0.30924580129303647,9.741746206833701,4.5292648966718625,58.02595341927895
2026-04-28 00:03:02.232311,78.8968548054599,29.45034190591678,33.6271947082502,0.24046734335460468,0.06589443072187193,10.042850030138732,6.465683170723464,58.58769388466635
2026-04-28 00:08:02.232311,82.08409162591094,31.14486554215667,46.92456225607689,0.09732382898709356,-0.49125669602431,9.711720684948892,5.2923556865195405,57.0711305833958
2026-04-28 00:13:02.232311,80.25286994708514,30.162877978782245,62.60928217793682,0.17264088135786873,-0.10868239402894757,9.77479572972349,4.591568974563188,59.33609643313076
2026-04-28 00:18:02.232311,79.99184213684748,30.018327145321486,66.17943682149208,-0.11485863826176619,-0.33198300894084415,10.080848486108504,4.4284984420167,56.41127606110586
2026-04-28 00:23:02.232311,78.97202525638852,29.469088807742715,46.48321999471792,-0.2399961759324319,0.17120530428648845,9.412880850754473,5.0409159049986005,57.27593802912165
2026-04-28 00:28:02.232311,79.62398168559056,29.811462901983138,49.95207203046828,-0.014925281351276142,-0.3188508963268099,9.749948735586086,5.087235494468862,56.787567872177654
2026-04-28 00:33:02.232311,80.76034122672318,30.41218532258653,51.99064277208411,-0.26297480348395774,0.3035334286707152,9.485648319733825,5.52023048205311,58.16851487147331
2026-04-28 00:38:02.232311,80.92422133012829,30.49425204306859,47.532515203307106,0.25543329513092705,-0.32254528205788285,10.267010026178218,3.580075610893516,59.02046831083159
2026-04-28 00:43:02.232311,79.9115505739256,29.94882497175982,54.65748120518386,-0.12811249404713393,0.20649606394419887,9.943480064042227,4.1521569892725925,57.20365928746471
2026-04-28 00:48:02.232311,79.49821426541077,29.723042939217905,50.65296162854309,-0.2881814477779804,0.17173232089374038,10.531718925886437,3.5666365935532305,58.535798612944554
2026-04-28 00:53:02.232311,80.71035246248051,30.36418064298778,48.49944751233739,0.07560935248445178,-0.10197326044645663,10.07245927576368,5.235431414469505,57.49893712561555
2026-04-28 00:58:02.232311,79.71450478312697,29.827725879331883,47.13393977169446,-0.03805061122490133,0.12091864771389907,9.6909596162775,4.610219896303001,58.78399010057666
2026-04-28 01:03:02.232311,78.55700189399928,29.20505500379645,38.87184618533007,0.23117484810028469,-0.19601528933456444,9.98385890990592,6.8257371187659155,59.326789822593945
2026-04-28 01:08:02.232311,82.1861759412097,31.135278494308,42.7215102129903,0.23332345469204538,-0.19249440739715415,9.816953697039983,5.48561095474022,58.00736707770131
2026-04-28 01:13:02.232311,82.39159923230109,31.239501581556077,54.75691921866461,-0.013973429522731375,0.07890598537688073,10.001462353626366,4.053416430086161,57.80084883517243
2026-04-28 01:18:02.232311,80.22923334392246,30.080903773086813,61.20587106963347,-0.22771903183964065,-0.33044322503327506,9.64704565859457,5.5765657158003705,62.417697572882
2026-04-28 01:23:02.232311,81.35419053511065,30.67554494038651,49.657518956506145,-0.02370273687683277,-0.0128357032897854,9.709893587733161,6.817317163030122,59.279134887857495
2026-04-28 01:28:02.232311,79.96410427216972,29.92882959881735,59.07279906743339,-0.017995298074484377,0.2039974129979108,9.622244573651635,4.326588250490978,62.10544645118351
2026-04-28 01:33:02.232311,77.56486753547362,28.643900671245433,50.17960462040869,0.19709973740349201,0.16290279083634207,9.846002976272102,4.338950167081726,56.744473514089286
2026-04-28 01:38:02.232311,81.98523306176527,30.996092950600307,61.65857795566276,0.2931875732302303,0.3554716399812943,9.81536206379008,4.910536606799777,59.894688096707405
2026-04-28 01:43:02.232311,80.09492307303525,29.982591621943627,49.99120950848381,-0.4431748774063465,0.08191824967505358,9.749737327072378,3.9101870390792266,62.12194494419657
2026-04-28 01:48:02.232311,79.94159807637992,29.895482289060123,62.557214276201904,-0.241266702401336,-0.24222447830106975,10.101957862201443,5.4006075071129755,58.75352158286936
2026-04-28 01:53:02.232311,80.61458067404021,30.24907033981161,56.54850440941232,0.21503457827754846,0.5453272895291577,9.85628560150261,3.620123445943192,57.423696932114254
2026-04-28 01:58:02.232311,80.75160794617327,30.316815550281905,53.67631067002273,0.04213066362450084,0.40168180333996345,9.812475488672321,5.246357549853545,57.732830864236256
2026-04-28 02:03:02.232311,79.9309919441083,29.87381768117992,40.028873327481236,0.3369504345897105,0.24968320782306805,9.654673322030263,4.669844487406214,55.49386229640693
2026-04-28 02:08:02.232311,79.87665831648961,29.83950374511596,50.387509626988425,0.2234588252968197,0.19442263265571003,10.27730331555439,4.75558719837571,58.485064007622206
2026-04-28 02:13:02.232311,78.87789107648042,29.30149188244372,40.162441676102276,0.03364320199777473,0.04169415024059638,9.647031457975048,4.130670004211214,57.66613995016839
2026-04-28 02:18:02.232311,77.67462887725671,28.65441604152374,60.08224487273371,0.39764420542769696,0.15989474061005599,9.732173088709274,4.478318244792071,59.904191233885534
2026-04-28 02:23:02.232311,78.49931111889974,29.08891056906602,52.3165462226798,-0.32543166078369673,-0.16935759691648805,9.578539246733177,6.136548872352728,59.97526799690177
2026-04-28 02:28:02.232311,82.08297310594632,30.99486096082353,38.90170483031321,-0.13278041074659122,-0.2573592499258876,9.967927431402739,5.50257222190948,60.52525654404003
2026-04-28 02:33:02.232311,82.31591432373732,31.11376027564473,45.41659848633692,-0.46999152149978335,-0.31458642053262453,9.696790663254781,3.726161300291771,57.396521646144194
2026-04-28 02:38:02.232311,80.53448591696713,30.158329124033298,57.58075753928638,0.5361366622508591,-0.10517894677228738,10.08204377317308,6.162806085636527,62.599255116017076
2026-04-28 02:43:02.232311,82.01632908487834,30.943309478918604,52.943941261367755,-0.07660238228234882,0.010946130370225692,9.960488011058144,4.304982836037216,55.744161830421966
2026-04-28 02:48:02.232311,82.04282166938256,30.95210285598686,53.68142020410026,-0.08818303874490445,-0.022995074930989498,9.78439814486096,4.092329822397028,59.895910044847724
2026-04-28 02:53:02.232311,81.08170655291883,30.434172125872198,45.81016194103146,-0.38959537019255674,-0.08654663914838184,10.029953421507928,5.265355365729799,59.690491554733974
2026-04-28 02:58:02.232311,77.59478720815542,28.56914580733105,53.4998638407424,0.1348310204461729,0.27366562374750225,9.985261396110694,4.770559674278087,60.82593404432874
2026-04-28 03:03:02.232311,83.45856311942651,31.691156958674966,61.885357682944864,-0.21172340318936878,-0.2825349976355892,10.028974440686076,5.924792939147142,55.524249898430895
2026-04-28 03:08:02.232311,79.82201046027352,29.746326205792702,35.28081583973554,0.009783836778064065,-0.043141915987735674,10.126940684864278,5.222368064220452,59.99820634903355
2026-04-28 03:13:02.232311,78.79046948249254,29.19083501630885,60.181191261908374,-0.022642370220854552,0.10641892377308147,9.858619471110451,5.128571097619316,56.92675958223603
2026-04-28 03:18:02.232311,85.01402077972251,32.5047263734975,59.484879981961676,0.018178557828715743,0.04085116064544419,9.807815437030749,5.90278844766045,57.853406613842814
2026-04-28 03:23:02.232311,80.73406526998932,30.216747433639124,48.68814228785054,0.15323764484444413,0.027133340898664596,9.709030686188672,6.484404035815874,58.28562618931408
2026-04-28 03:28:02.232311,79.05923947140963,29.31817100639596,52.19269611412003,0.4433993945064445,-0.37052839378397295,9.701073272529914,5.463562331505513,55.84293259667824
2026-04-28 03:33:02.232311,77.98421074496414,28.7394863509577,56.18220941087226,-0.2624561204445529,0.19459963141024816,9.946164932556398,5.855088102656916,56.266322261567225
2026-04-28 03:38:02.232311,81.0554563873985,30.372148025588686,44.735452898507425,-0.323443061540935,-0.4397656200661357,9.531777471422993,5.36661284069817,57.019122324187435
2026-04-28 03:43:02.232311,75.88069057980175,27.60693692686976,54.58415501804579,0.2231334570049106,0.15777445912894322,9.583955629007797,5.961424155448131,60.31573636387065
2026-04-28 03:48:02.232311,79.7175446682472,29.64792310603999,34.74697373642783,0.2494309876114203,-0.016188506917748882,9.13626839778551,6.3768822038025625,55.759345331592904
2026-04-28 03:53:02.232311,77.99422655321057,28.723484110019793,53.83877861634034,0.27710218650608964,-0.26715110726507313,9.598804641671723,3.7673853922683023,60.381263675126036
2026-04-28 03:58:02.232311,77.93969002109057,28.68906195822179,59.625328260726135,-0.005089871793067093,0.10152775217930594,10.220814094460577,5.930713520087457,58.68044683115234
2026-04-28 04:03:02.232311,78.07202629181923,28.75430530127641,57.387161961233055,0.34575756870902713,0.23215516238587883,9.939915493588302,5.359311259804443,57.737962577398264
2026-04-28 04:08:02.232311,79.49088688040467,29.505694947187976,59.870701082356554,-0.011019113161066612,0.07932746740766716,9.780504008690402,5.2055510147466855,55.29891536344827
2026-04-28 04:13:02.232311,79.9953735835276,29.76941852085287,43.913963927994054,0.06222364363253712,0.16919761214361168,9.96560973918054,5.620569697637475,57.67421008408235
2026-04-28 04:18:02.232311,82.41361243929958,31.053809909263933,36.92748257862171,0.1324971158081745,0.008211176389936944,10.310463864445587,4.190700833479285,57.85914264215195
2026-04-28 04:23:02.232311,81.00889191985551,30.29928963089309,65.24637780442282,0.27372988937109577,0.002895204158214045,9.333756070467071,5.402116864962661,54.4128204479918
2026-04-28 04:28:02.232311,80.62298028332029,30.088134090073645,57.39696729990989,0.20073930450960156,0.37542735789227094,9.568848713526727,4.9687991258898325,59.38952540045104
2026-04-28 04:33:02.232311,81.28282160459679,30.4347134600871,66.15989044642522,-0.08061599249381692,-0.3446881624362273,9.342526582586096,5.765248309391492,56.92497263122476
2026-04-28 04:38:02.232311,78.11434175724,28.739521540162816,37.894109328066065,0.5160437987902124,-0.3325972267138699,9.825817948441872,5.282519392314958,54.54900246960607
2026-04-28 04:43:02.232311,78.98230000893673,29.19709660640041,43.0683336318813,0.12033058260066228,-0.03232721024883064,10.181174436724142,5.529379137149451,61.06561723695802
2026-04-28 04:48:02.232311,79.15485528116729,29.28379008358937,38.69005774299667,-0.059430054554681415,0.055038724107786784,9.602469547773039,3.900261210248635,57.2659053303026
2026-04-28 04:53:02.232311,78.37448194008235,28.86225496701007,34.93185693803957,0.3514416642915946,0.2402666600795337,9.54745724395781,5.135408821697032,56.51566528737864
2026-04-28 04:58:02.232311,80.2363621243286,29.84992173060739,51.77900910397967,0.046443159843214975,0.0006742041892440499,10.247464062339047,5.061015102495071,57.948071720965366
2026-04-28 05:03:02.232311,81.60122866938927,30.57251455330576,51.296628639151486,0.11561275400851555,0.511520371212633,8.994769826060407,6.059659121020516,57.276192048694114
2026-04-28 05:08:02.232311,78.09329719435681,28.696281765287786,51.3693272255738,-0.22122952750372626,0.05670936030490519,9.732166581145838,4.025395803220425,58.30185791277241
2026-04-28 05:13:02.232311,79.91584000184413,29.662968594613684,46.034705759833386,-0.08389299262669529,-0.011124026071416025,9.712971094128468,4.618137498042316,57.06115741202954
2026-04-28 05:18:02.232311,79.96791090141471,29.68540373971733,42.15169222707105,-0.3705155297317082,-0.02628267222426898,9.99761326402578,4.2209600984735705,57.684452997485145
2026-04-28 05:23:02.232311,80.1411167314223,29.772444181054045,49.99947632304379,-0.00423247746755954,-0.17494348549772773,9.534499464104279,4.426994868402067,60.645627046879795
2026-04-28 05:28:02.232311,78.91148537871331,29.111304791608575,51.77637876248458,-0.40482525278395143,-0.012427315311456603,9.627343877381067,6.917746530950967,56.98799094231512
2026-04-28 05:33:02.232311,80.40199040506762,29.900904804330217,53.77854319390845,0.1083213084775794,-0.35149889045355553,10.033271294462201,5.695846619632393,60.163892406481004
2026-04-28 05:38:02.232311,80.86292206376825,30.14139902096988,49.06438943865027,-0.36945278364997247,0.31407203564507674,9.775723864066228,5.82728985839859,59.19477896086411
2026-04-28 05:43:02.232311,80.09141457016833,29.72459235638259,45.459369078443096,0.15238416183115872,0.11476234946610496,9.792378355379045,4.841305494104136,55.74057753443114
2026-04-28 05:48:02.232311,81.0120066979559,30.210238823201962,47.24213686254192,-0.16064205127907574,0.048216004817679764,9.767281565803378,4.641716909779562,55.43153872164422
2026-04-28 05:53:02.232311,78.51257449556962,28.871872313928613,40.98933649576151,-0.27883813002581537,0.17452947980289052,9.985408242686322,4.153591396745464,58.12552739435775
2026-04-28 05:58:02.232311,79.7003123126496,29.499996481703935,59.12220955267557,0.18732547426034205,-0.1797417101285787,10.205058055503443,5.755685715314128,57.300975650589734
2026-04-28 06:03:02.232311,80.83044775526601,30.09739938309868,53.01824439613395,0.033358411388744395,-0.25068804752538554,10.306544362641056,5.2808174468863776,59.17877889277989
2026-04-28 06:08:02.232311,83.65666537640632,31.599379446372847,57.90359506002779,0.2484611966190086,-0.267949503121835,9.844904108230068,5.308561878201493,59.64412094927379
2026-04-28 06:13:02.232311,81.40105560056311,30.391051564589137,49.523564213533966,0.05350050065273809,-0.3921646209453579,9.841911018919836,3.6238629654548276,57.85213837366428
2026-04-28 06:18:02.232311,78.88666914025664,29.044709451091684,55.07299161842634,-0.11612442747074268,0.17451821816356602,10.03902202899472,4.895637541176919,59.096570365773395
2026-04-28 06:23:02.232311,80.95024628297635,30.139947925874864,50.28458997661111,-0.012051556021703293,0.5753008493931576,9.805179261566142,4.193775624656883,57.301397508057455
2026-04-28 06:28:02.232311,80.77803345443763,30.042765082653542,58.57111365844316,0.006690337916819235,0.026536950324215502,9.858749620495859,5.779473670408275,61.43797135780557
2026-04-28 06:33:02.232311,81.96210988228326,30.66893650950388,48.86607657221061,0.18597038161333243,0.4341092314113207,9.87756656835831,5.122602487281365,57.04048603399972
2026-04-28 06:38:02.232311,81.98925227534079,30.67807645113389,51.16830786933752,-0.2586922047671782,0.06435175659547979,10.2348576729562,5.57424848066251,60.09671081407321
2026-04-28 06:43:02.232311,81.74666585016105,30.543361023037374,58.18852744140337,-0.5004672696198726,0.4883807590374328,9.775541365571414,5.25591102259979,59.65186549725349
2026-04-28 06:48:02.232311,83.16818261995155,31.29616729892497,57.57732956542715,0.294787536498963,0.34247852114645594,10.080483201486146,5.0321067918450035,55.80122395371901
2026-04-28 06:53:02.232311,83.04745400233244,31.226442701527446,59.64907184185739,-0.5151735503900247,0.18359588750378045,9.464638714714097,4.323842347553671,59.49089118569279
2026-04-28 06:58:02.232311,79.8951985257424,29.539903779345423,62.76590791660593,-0.023397195363558995,-0.5454040711930851,9.646629665646058,5.1373965718501715,62.68199369360097
2026-04-28 07:03:02.232311,81.08952046335214,30.171539478069956,53.42638441432936,0.19114530870025823,-0.3502340509796592,9.646213138042366,5.330775236713474,60.151236433322495
2026-04-28 07:08:02.232311,78.74997366154061,28.918445182436464,60.296368821498035,0.3938310900513059,-0.0704330165798992,9.902826557847636,5.106994655124071,55.46222210236603
2026-04-28 07:13:02.232311,80.03590941106975,29.598941580851346,43.4260594699182,-0.3234231425676203,0.21019570514658553,9.542921848416956,4.728149964376939,57.37750711628152
2026-04-28 07:18:02.232311,82.4931125413397,30.904113915661316,50.27679586235826,-0.42364699153277857,-0.10912930694657025,9.35340238743542,4.366487883230688,55.791157834310695
2026-04-28 07:23:02.232311,82.00249136007918,30.637113284321703,38.31236397419979,0.07514116673502585,0.061135704377210984,9.794191599394633,4.526776972171071,58.57517005960401
2026-04-28 07:28:02.232311,81.6381414273982,30.437457318891184,48.06348749807479,0.045485344596212195,0.23982830660683593,9.898816915706607,5.289827684080976,58.31305774344138
2026-04-28 07:33:02.232311,81.67036965410514,30.449309705134215,48.993113138193515,0.3803544768546085,-0.08483158352965012,10.210394281381541,4.362103337708968,59.74709783531094
2026-04-28 07:38:02.232311,81.14419889560986,30.163349299269402,39.888585393578964,0.16637889765123046,-0.1746653438839465,9.87391193192825,5.308194007800191,57.60589539942347
2026-04-28 07:43:02.232311,80.50860704728139,29.819030978826877,41.23174783905712,0.09825250243455531,-0.42714762979026716,9.737972022268714,4.065351023123797,59.170881936744976
2026-04-28 07:48:02.232311,80.90296320836498,30.02401826340413,66.02316680267778,0.23415827645264528,-0.28997778077830344,9.816194907059893,3.2737172793634444,56.51947491533637
2026-04-28 07:53:02.232311,80.50649571390127,29.807232931689487,52.08346343596682,-0.3778863305251967,-0.18713926296228237,9.852723977856678,3.6187237847239038,58.98553846316416
2026-04-28 07:58:02.232311,83.27811290493959,31.28009276557592,48.16241701683687,0.16205786343116627,0.3339194167523268,9.738272163363042,4.4590212542332175,58.764627128395055
2026-04-28 08:03:02.232311,80.59861282131746,29.845690052976785,52.026797072006815,0.08968727559842932,-0.5114439165467902,10.210365461560196,4.195106847172716,58.695873434380076
2026-04-28 08:08:02.232311,82.69117464471795,30.95638702412305,44.51261144346318,-0.21533833065313782,0.6250537991774491,9.862937886422765,6.526811753873015,62.363028102780625
2026-04-28 08:13:02.232311,80.09728576725101,29.56764362147334,45.828312687030305,-0.3119321691483611,0.014708075735251746,9.776073283183665,4.880341152777255,59.46512141002211
2026-04-28 08:18:02.232311,82.88084749919055,31.046873877173766,57.889925173005814,-0.248148820689856,0.24484133185898582,9.513327470829715,4.36685022692493,62.11341941045985
2026-04-28 08:23:02.232311,80.15476435165573,29.58762686382119,48.26227885328775,-0.058250861193748574,0.2504842452168947,9.542958946736038,4.210247770342104,60.91376739379469
2026-04-28 08:28:02.232311,81.74228669451256,30.428969445344162,56.29158948869773,-0.28795276159358013,-0.1308520174676812,10.332304755818585,4.5520145207142955,57.85494405195242
2026-04-28 08:33:02.232311,80.5958794664347,29.812216255701973,55.63858701803778,-0.19714668002088226,-0.2081639689035235,9.898951358108055,4.533364874263619,58.19576747992225
2026-04-28 08:38:02.232311,81.84555209469421,30.473372322773045,52.95218429211991,0.14202279668303375,0.16023613004058146,9.771028942852436,5.918636702818976,57.82367960042073
2026-04-28 08:43:02.232311,78.45134954455249,28.657794961363464,53.58012292980308,-0.03553027826078017,0.02210616733614523,9.88347862111689,4.9802188765414055,63.178334576712864
2026-04-28 08:48:02.232311,82.24336308192402,30.674866179960944,49.81564719677351,0.05685658473205796,0.1671285409059417,9.597362454324617,4.030503345914947,56.97093594203025
2026-04-28 08:53:02.232311,77.97947070527485,28.395454244414058,57.80669719462326,-0.009672680458891747,-0.23854199275589325,10.156616579848931,3.5240427458604504,57.82426424611506
2026-04-28 08:58:02.232311,81.43092476712069,30.23089374273117,41.48716109825915,0.1736092002637236,0.12130444051199474,10.037707646566442,6.326720705694266,59.753534824246806
2026-04-28 09:03:02.232311,78.28702843437497,28.54881303059945,41.376896188716174,-0.28791596659209484,-0.4392735510127218,9.443674264603931,5.199171676345127,56.79548208252147
2026-04-28 09:08:02.232311,83.86989354061946,31.521005085929183,39.11448095707462,-0.09280540906764873,-0.45418754200594585,9.838073799866764,4.79600087095441,59.03038676708062
2026-04-28 09:13:02.232311,82.4748980711843,30.771671500896424,42.00175869888937,0.20772980669182867,-0.11722271306319405,9.52020844043953,5.103028163030662,58.763579570991
2026-04-28 09:18:02.232311,80.49585078314222,29.710843612606645,33.56655759588338,0.7081726216850684,-0.05280107061165247,10.034502858501925,3.2184016073198256,55.08947880589954
2026-04-28 09:23:02.232311,81.10783172068177,30.031897444627074,40.998471528035196,0.1550567536952298,-0.43197415721106824,9.635206470889559,6.59044197557385,59.496802956564935
2026-04-28 09:28:02.232311,81.02661044646273,29.983243430376252,64.03392887914998,-0.23794260363395034,0.06383690360903839,9.941662137624048,4.509677800392477,58.381000495770145
2026-04-28 09:33:02.232311,81.77910194647352,30.37923622904801,44.744429394807355,-0.11191788362623785,0.024797270286530115,10.212798080242672,5.38418053559792,57.18349531981022
2026-04-28 09:38:02.232311,80.57391015505881,29.731131272292828,61.48212646120833,0.433795837382026,-0.2203001995674507,10.050755475048312,4.152401648836495,59.98083234311804
2026-04-28 09:43:02.232311,81.73351872009121,30.34425317230944,51.7362814938625,0.10824945341950391,-0.15298271653104972,9.816289615569332,4.337693563250419,56.94877384053782
2026-04-28 09:48:02.232311,81.49598919735156,30.212234758847632,43.96819171977734,0.08762145063880898,-0.10838014394204896,9.047252493636226,3.77504887888722,60.88125352524045
2026-04-28 09:53:02.232311,81.28586836097276,30.094834311444934,50.03110378561244,0.11506799904667897,0.18205162472006192,9.871099768487978,6.043299290059059,55.366035092305005
2026-04-28 09:58:02.232311,81.82475961046374,30.376906976506127,62.736008422578415,0.18905027736896418,0.11293969757367238,9.785187511470866,4.470440482165761,60.24589802985856
2026-04-28 10:03:02.232311,83.60848700839354,31.322892254068023,36.12112103264023,0.20022941062167332,-0.43034172578821955,9.683619000279633,7.30838165895958,58.13147237975513
2026-04-28 10:08:02.232311,79.01541924730276,28.867920113485603,35.24554251171074,-0.14003811323348656,-0.08861450412985968,9.689691273950949,4.036287988953009,59.491807080980834
2026-04-28 10:13:02.232311,78.87871918230886,28.789677410821525,63.158213816482515,0.08647869928180733,0.13907295529201502,9.334292526086365,5.8595824046990534,55.93782854498366
2026-04-28 10:18:02.232311,82.94679516712159,30.953981934720975,54.50073866679054,0.4580861372764209,-0.19598709224031935,9.657378160060627,4.785623374538535,60.99114231451679
2026-04-28 10:23:02.232311,83.0702757130898,31.01450222457002,49.10997014571836,-0.2144243747374158,-0.4017111329149851,9.709209610929824,4.392263838079433,59.131528077360464
2026-04-28 10:28:02.232311,80.75063018895138,29.772021943695524,53.37822559168796,-0.004679811528507568,-0.28880699542445215,9.606089232244987,3.8665848728558707,56.441758302129635
2026-04-28 10:33:02.232311,80.55153720281194,29.6605030164205,46.41584020581734,-0.5636183585039612,-0.02290871917324467,9.490086061007576,5.102800576416819,58.14527256982555
2026-04-28 10:38:02.232311,81.51103594184507,30.166899675904162,56.45632753214856,0.08768896864778049,0.08643144644015777,9.330428036708827,4.662841910551457,59.3101015168257
2026-04-28 10:43:02.232311,83.60494435265736,31.278314827003378,39.89768782759833,0.34348657110837705,-0.4418840134598414,9.71686010508144,6.140641663766067,60.10641151831429
2026-04-28 10:48:02.232311,78.6635219321644,28.63755353473981,47.787376302723665,-0.31966606096578626,-0.09511075634713871,9.735941202593146,5.092416495124946,60.08328224958155
2026-04-28 10:53:02.232311,82.8486071238346,30.86426296896325,57.670805862286834,-0.11416020706129232,0.060123361658691525,9.950843921112345,4.428688882977736,59.14466472294907
2026-04-28 10:58:02.232311,80.97754104857576,29.861025060824534,48.289699119676484,-0.12177352262091368,0.06528146538569696,9.790052152317394,4.774470102170161,63.07641553402304
2026-04-28 11:03:02.232311,79.65860619769079,29.152257139018545,53.11609145669343,-0.004047517919315343,0.0239569431341031,9.759930493723523,5.260356725651906,58.65561702910553
2026-04-28 11:08:02.232311,79.28579493040466,28.948088461798612,46.637562200837415,0.2643120553466538,0.12132646350918566,9.75425793098646,5.2996559665835585,59.657243514585666
2026-04-28 11:13:02.232311,81.39027292380669,30.065140723612362,47.788251169400255,0.6044481729276584,-0.47468979238785025,9.91192627425362,5.589535794107047,61.444896354686946
2026-04-28 11:18:02.232311,79.54209512441885,29.07410989593818,42.874068042627506,0.03674562891951442,-0.21865178077917927,9.060075180110827,5.837378032383384,58.37668025354724
2026-04-28 11:23:02.232311,80.91337126987466,29.80012117218061,52.84539188257836,0.06470381086841469,0.2053019837045196,9.971144429293078,6.637589251324071,58.42928685955322
2026-04-28 11:28:02.232311,81.2793483705931,29.98997295789645,39.64884166346485,0.027012298075664833,0.0007927283861577617,9.565000001035095,5.013010374301837,60.85717330092755
2026-04-28 11:33:02.232311,82.84076068040925,30.817390188464387,48.25300907860523,-0.04790900116317586,0.0624713111116521,9.779256557818423,6.1400414760848445,58.099330760479795
2026-04-28 11:38:02.232311,83.43746146984488,31.13029460816273,40.275176999193974,0.037282460043712724,-0.12188998595903573,9.68589281857041,5.984767636410876,59.49906411836652
2026-04-28 11:43:02.232311,82.04673675746189,30.383238760224465,48.11367628095348,-0.4519146123771639,-0.4999465976303459,10.006289245708016,4.080642203486768,58.889127208364954
2026-04-28 11:48:02.232311,83.34312001653285,31.06930716372831,50.21285311150965,0.1010685633091473,-0.062436214640307,9.576771503848889,4.110682077790628,60.98384644254942
2026-04-28 11:53:02.232311,80.59040249186295,29.59585514923703,66.78483355987122,-0.1548709624784389,-0.11651366009044667,9.90069986329445,4.674091582551293,61.70648041387721
2026-04-28 11:58:02.232311,80.7884769095923,29.696158837358684,49.313311916336055,-0.019448433215237326,-0.31976195498094584,9.608485781699452,4.633725208027636,60.95176074926758
2026-04-28 12:03:02.232311,80.26291089230097,29.41052096013597,71.54701762481906,0.00289559163593905,0.13395758269841604,10.00784710487139,5.372066923937934,57.6163143233273
2026-04-28 12:08:02.232311,81.43771049602148,30.031744747452912,52.73686777244446,-0.08420984694622793,-0.1678449559820863,10.128736215051774,5.4880841643564615,59.93793098304319
2026-04-28 12:13:02.232311,81.83830300297016,30.240058083158207,58.95027995429026,0.12123103935714978,0.026120104445425164,9.713790820506015,4.259549176354164,57.46805522261936
2026-04-28 12:18:02.232311,82.83876550940249,30.768302085254785,47.70160157495296,-0.5407886819805491,-0.2549210952152599,9.691877010667284,4.607402196975102,60.45540283048293
2026-04-28 12:23:02.232311,82.16215672117836,30.402108063534573,55.134609532400766,-0.23039621960280468,-0.2615131232070829,9.595532809101769,4.838171326646873,60.158322306951334
2026-04-28 12:28:02.232311,79.77570285188628,29.1239966652448,39.13583412488184,-0.14404581184441542,-0.05017513650773966,9.958322311258144,5.216787216600396,59.639121969870565
2026-04-28 12:33:02.232311,81.88041885174655,30.241175863836286,45.98792406460505,-0.20930722022098347,0.043782844716439624,10.105065448031832,5.812546770152352,59.33839300752731
2026-04-28 12:38:02.232311,82.35728731025458,30.490169707039893,46.6439372589212,0.2224212593724037,0.231496456352859,9.768868325831386,4.719752033966278,60.87481672192684
2026-04-28 12:43:02.232311,81.55807892864043,30.058589235511683,48.962066629933155,0.057731199078961,0.32974304433188495,9.975332211889468,4.381128154944406,60.10197103949277
2026-04-28 12:48:02.232311,80.90287942332525,29.703813498009588,49.1872063096421,-0.648837143562972,0.4170939101173725,9.514219377933095,4.521397510045942,59.70300853458374
2026-04-28 12:53:02.232311,83.84608751803287,31.268188480519647,42.137889951245484,0.06891360782756119,0.2628152617993873,9.647460158524233,3.7323240339112402,56.238775844646966
2026-04-28 12:58:02.232311,84.20303614730967,31.45322508146661,48.61497112781182,-0.15382934626268485,-0.13269477478512934,9.778588161494392,4.534693384151572,60.811541348222924
2026-04-28 13:03:02.232311,81.04184666038356,29.76192135377201,56.42059644811572,0.05929109588589692,-0.0645529940207414,9.793121024095756,5.166324077939565,58.37428971584353
2026-04-28 13:08:02.232311,82.80666494042723,30.697821768461306,59.50335264836536,-0.09022471188473408,-0.2949276013137312,10.354360094212415,5.112063904864249,60.835907396286515
2026-04-28 13:13:02.232311,80.33981321488118,29.376831513502736,49.3398156517313,0.06670278820919633,-0.4845598001519902,9.917310056512013,4.78591008162128,59.39181640107364
2026-04-28 13:18:02.232311,81.36076701850565,29.91600420743513,45.360917493810604,-0.68600579497061,0.33187217301364985,9.545730822689197,5.000876685741154,62.08577547317549
2026-04-28 13:23:02.232311,83.87986464324013,31.254186939292858,45.39329524889222,0.46600743818824053,0.17760421081987854,10.122363378126499,3.950274580532212,60.08927640953742
2026-04-28 13:28:02.232311,81.21323228310197,29.826647012551838,39.13774940788515,-0.5204286404113524,0.2781811679143925,10.108953964295031,4.525594635344225,59.41492605989594
2026-04-28 13:33:02.232311,82.35642768357702,30.431015224804526,65.21240139013388,-0.0794633202102976,0.1974234861696449,9.582321307072549,7.027086837173424,58.40229559639917
2026-04-28 13:38:02.232311,80.45166691669097,29.409806814464634,29.691480572483442,0.29606913530475204,-0.16084856583456833,10.155402326303912,4.431899224178202,57.1445265998211
2026-04-28 13:43:02.232311,80.34962776943722,29.350049934595294,36.97250361099358,0.36277522562328784,0.47486799513347094,8.994357100559775,5.2616511818595875,63.28019887301902
2026-04-28 13:48:02.232311,81.83870199689304,30.13888685457107,42.09943947440386,-0.03475473326622681,-0.4163566872142636,9.85704326871692,5.852028148709572,59.544971107497865
2026-04-28 13:53:02.232311,82.64636602247202,30.56430500021253,47.38683312556141,0.4624464786711055,0.08558598403573757,9.609146287379424,5.013243329129605,57.96924463132284
2026-04-28 13:58:02.232311,82.24821537430708,30.346621986523893,46.564746745044225,0.11268948246673322,0.12093052768885619,9.773212968654734,4.597743637507013,59.616575268516236
2026-04-28 14:03:02.232311,81.70522352443975,30.051690331927304,42.04565803317503,0.4216523327189913,0.12363681530055677,10.215798915792707,5.8502454671061255,61.10230029470406
2026-04-28 14:08:02.232311,81.12897882283887,29.73902382307284,43.88526451256849,0.3190249155466359,0.14511870284408113,9.233817355431272,5.049046962265359,58.78956187345183
2026-04-28 14:13:02.232311,79.86919425597574,29.061802719411848,61.467597991545325,0.17856528255079238,-0.05887871463027889,9.735743475531205,5.327183745461769,61.09099262399204
2026-04-28 14:18:02.232311,80.92810547202367,29.621219366636733,53.581671288380306,0.12191827624225392,0.18062862337475194,9.900690192109165,7.018818684973023,59.41535804563881
2026-04-28 14:23:02.232311,78.98444401197406,28.579263919942946,27.629516122772785,-0.06715005283182386,0.3183037185539306,9.767437653274895,5.015976357869569,61.102330294854895
2026-04-28 14:28:02.232311,81.39679368387965,29.860514410291927,43.20352088047004,-0.314090380441861,0.1819661152541992,9.711235203570322,4.4266371340417585,63.76995672596679
2026-04-28 14:33:02.232311,79.68626843436883,28.942898275885486,39.24379477314032,-0.28909224874897205,0.28347337255783606,9.232671837703693,5.057247195465148,62.737014836848935
2026-04-28 14:38:02.232311,82.54404174717111,30.46170804137937,42.581272474372646,0.23384321571759106,0.17048099960881263,9.972789261877328,4.4495866621663644,62.93514608500127
2026-04-28 14:43:02.232311,78.72327604242987,28.41863033085004,49.40864369034096,-0.036434714794072474,-0.019847719896373458,9.682704407271174,5.566101541545514,56.68302365203269
2026-04-28 14:48:02.232311,83.49549772652443,30.958479227699808,66.70932007104685,0.0322825823658666,-0.02389266575887226,9.832755123743269,6.048543320792805,59.38750957088567
2026-04-28 14:53:02.232311,80.19897010978457,29.194995164104547,40.31267389943389,0.4015792359448576,0.10253341143096668,9.784159864117608,5.254772261472242,59.563046645888214
2026-04-28 14:58:02.232311,81.26675796188866,29.759146017226062,33.19505154927475,-0.06783271468563211,-0.006219511495540863,10.11665596925361,5.689974939026651,61.25020964976127
2026-04-28 15:03:02.232311,80.03239149821657,29.095481235266945,43.08738028689179,0.24360022867885667,-0.03325572360226927,9.755731341368628,5.384185372562088,59.35564410401712
2026-04-28 15:08:02.232311,83.0161315964897,30.681473286345284,46.24198888852608,0.1429128033336184,0.027195599172603717,10.192250571051476,5.961585118005922,56.524406928117976
2026-04-28 15:13:02.232311,82.44879770009645,30.373559206934885,54.7542101269194,0.4711764014692793,-0.13623457007480952,10.054556008925736,5.9481173186242415,59.58534870141169
2026-04-28 15:18:02.232311,82.18940375300727,30.229879767153324,51.253309321586634,0.03176800635836762,-0.09741943762436475,10.196206774422658,6.2756533893011595,56.920723351307444
2026-04-28 15:23:02.232311,80.27203809125007,29.20194874621547,47.50211604489492,0.32006594739019223,0.4657303815321469,9.672342729239771,5.341831193484725,60.839802925812855
2026-04-28 15:28:02.232311,83.87905416993728,31.120354653514656,52.24048936028973,-0.01743461281793072,0.1644180233021751,9.695156572441368,4.27272335894788,61.10062566747766
2026-04-28 15:33:02.232311,83.25750268647946,30.78352452766982,49.1271175300406,0.1270567412128419,0.22396344994057127,9.647686913429801,6.310401757777082,59.351829143422
2026-04-28 15:38:02.232311,86.67847484435191,32.60270701053446,52.358481377559556,-0.06202449091989864,-0.27682243657419947,9.822172829533418,6.116988428250786,59.84928801261112
2026-04-28 15:43:02.232311,81.51054710708353,29.84114288265732,49.31239070356733,-0.006438124931017793,-0.3052894645646732,9.685971624728275,3.997137666509688,62.486157326796736
2026-04-28 15:48:02.232311,80.60186450707432,29.35117616131841,53.56260597681338,0.37668744715631264,-0.07236634476709311,10.031751963208835,4.958113234541164,58.35252184626744
2026-04-28 15:53:02.232311,80.43286776313612,29.255708563217368,66.28969355251455,0.04819182533102422,0.33410698495994073,9.713595999801184,4.033471387228589,58.27217996257979
2026-04-28 15:58:02.232311,81.4274418717994,29.780812086503783,42.82359739830069,0.29819380931426914,-0.17892708186994477,10.006012197498862,4.98500355001266,58.638787004667925
2026-04-28 16:03:02.232311,81.06648641544678,29.582966508448383,43.821313971935446,0.0944371392408118,-0.13515234306876497,9.706454599020159,4.561864183731662,60.7054114774534
2026-04-28 16:08:02.232311,77.42545498022926,27.635747074998378,49.95682627381454,-0.021120590126803066,-0.19284812478984809,9.816094232707908,5.7741642511883295,58.46310172005487
2026-04-28 16:13:02.232311,84.34716893301169,31.321991848481673,49.863518447504205,-0.4967581749173298,0.165483449110142,9.665859654705441,4.478353675692521,62.36842857553818
2026-04-28 16:18:02.232311,80.20796141365231,29.109078503489336,50.07195691452981,0.11254956092824288,0.1658345347800438,9.837413015211258,4.467303141142763,59.92688516022399
2026-04-28 16:23:02.232311,83.41296699751801,30.813078813550383,48.7279475999083,0.5309720975136475,-0.6003028592717766,9.662829551149725,5.084759840724502,61.546766011827984
2026-04-28 16:28:02.232311,81.2550667397325,29.65686267473077,51.89151590381402,-0.1739701264897851,0.015445439781010949,10.198291918582553,4.424775399440611,58.8765530022077
2026-04-28 16:33:02.232311,82.43715335891946,30.28197287029648,58.96440446160314,0.11729355101151016,-0.10016098145576201,9.853659307312245,4.144965949815674,59.405148922286415
2026-04-28 16:38:02.232311,80.81799582312172,29.41308618320368,56.23389771122663,-0.12263976749430931,0.048133046927071974,10.07395643940736,5.744622825918312,64.99996256707833
2026-04-28 16:43:02.232311,83.71173267903181,30.95107650502174,46.35420014207359,0.22193315600516603,-0.4294976844407831,9.931712003264636,4.953844216138213,61.928518497404895
2026-04-28 16:48:02.232311,82.38143688850083,30.236249415404536,60.711536037809495,0.004580163193807062,-0.018943697782695258,9.733575313921753,5.162103730138144,62.083200578706354
2026-04-28 16:53:02.232311,81.10115378552472,29.548095759149952,53.574233663776106,-0.17309438419362896,0.00884722978167515,10.205197507238914,4.855619754783596,62.364918666508274
2026-04-28 16:58:02.232311,80.91937921221698,29.445813318718493,46.518279633668925,0.18462363943752386,0.14837691625534583,9.246172812976313,5.478028729010961,57.25626259150497
2026-04-28 17:03:02.232311,81.75756099088132,29.8875075993388,49.99252994935077,0.4715540344110201,-0.3815487866978822,10.320259363322283,5.57659138162233,59.382376726867165
2026-04-28 17:08:02.232311,82.35445988832927,30.200517676643713,56.6843687967597,0.22915941017944297,-0.012287402605044384,9.801809785415237,5.638084040265498,57.76024672753131
2026-04-28 17:13:02.232311,81.84013334783651,29.92087418704691,53.479702177822254,-0.1906154895558315,0.2911661127162651,10.097682332515753,4.50975741413266,58.470273520928124
2026-04-28 17:18:02.232311,83.8593218036046,30.99243869545589,59.247103097208075,-0.23108136309354832,-0.14070042678689726,10.142048807815668,6.541209592518996,56.70881153989843
2026-04-28 17:23:02.232311,80.41085988003381,29.1479230015508,38.668800363863326,0.1763405487895321,0.060486807838865946,10.074626040363047,4.895541146169861,58.086245979972844
2026-04-28 17:28:02.232311,79.96602154286562,28.905339887060432,56.299778926063865,0.11942935429308049,0.024104402302605722,10.128255623167961,4.936987247285558,61.510184592869685
2026-04-28 17:33:02.232311,81.04177271049765,29.473737841796847,61.78670161137442,0.1715951165089944,-0.31478658884373434,9.818368556238699,4.995350192118928,58.60433204535715
2026-04-28 17:38:02.232311,80.43033721971166,29.142302912043647,43.79465411665128,-6.416810451653692e-05,0.22237834670406442,9.844754712981143,4.363417949168165,58.03033044046208
2026-04-28 17:43:02.232311,80.17305735105002,28.999750980756772,66.1621599310264,0.29419497014716706,0.3915557473913201,9.407438542652304,5.324790519674988,58.23014593186868
2026-04-28 17:48:02.232311,81.02351985648042,29.447994982318992,43.80417407916304,-0.33256698325447587,0.1807472286038503,9.884071355848517,5.793159582668408,57.58085725811141
2026-04-28 17:53:02.232311,83.73276156297544,30.887587891115665,44.12317185055278,0.2334500930915914,0.07910927966408551,9.872966901984057,5.625737895133453,58.799018930764106
2026-04-28 17:58:02.232311,82.79447667254094,30.38183328154993,67.03709817051299,-0.08704858924487954,-0.21729247434699844,9.186100149201865,4.936410246321545,62.31431454188443
2026-04-28 18:03:02.232311,83.63246495498169,30.82342436418433,62.93893058325533,0.07204958764133257,-0.28006917020921407,9.60932315419782,5.628828487162075,60.83032739139245
2026-04-28 18:08:02.232311,83.30781130335225,30.644939748647968,48.33482644985011,-0.2312170136580821,-0.10004839268209124,9.402308177787344,4.581232368713424,59.6006333771196
2026-04-28 18:13:02.232311,82.54453184664852,30.23252137040531,44.88083224080317,0.25503052215979144,-0.3452353529141972,9.683631665889035,4.6086715676861765,61.75135479901601
2026-04-28 18:18:02.232311,83.60180444708043,30.791064089301663,45.94210555211242,-0.12140923184629877,0.2353655556246691,10.195747240261216,5.353055124685628,54.21838542597631
2026-04-28 18:23:02.232311,80.40642461634631,29.08152551157613,41.532981418026736,-0.1244995837933152,-0.30421159235988976,9.57876373561345,6.002887510143751,58.28169726681837
2026-04-28 18:28:02.232311,79.70681691857742,28.703065404765386,55.88759381612717,0.07684033837077935,-0.16424303301549226,9.906916871327965,4.878899029960689,62.86919429676528
2026-04-28 18:33:02.232311,83.79944630677286,30.880465077135625,50.636991769589535,-0.10456096915945225,-0.008587931380614299,9.38711882847322,7.1886936792422205,59.93069935236677
2026-04-28 18:38:02.232311,82.16802478241587,30.005037596144565,47.4198560580556,-0.035786570298842,0.18045977819930864,10.02169106815424,4.909536129232848,60.744432453309464
2026-04-28 18:43:02.232311,84.78012998835287,31.392824371310287,41.869385762587925,0.08655664711813729,-0.5777332614977577,10.180964450109878,5.256823857721987,63.28557210868127
2026-04-28 18:48:02.232311,81.28158125881858,29.521595714224667,47.64413350614346,0.45913429901723,0.190964548220458,9.358253816583725,5.124817796388433,57.77198446034925
2026-04-28 18:53:02.232311,79.59210825578207,28.61520744460453,42.76917710845454,0.11233737254523872,-0.09069397692080791,9.902947292396103,5.322347106842804,60.54784988202804
2026-04-28 18:58:02.232311,81.18663763424611,29.460287111784684,55.02309142521483,-0.21322372636880568,0.4810922794148447,10.005320838605495,5.7660802481719875,60.12494241395261
2026-04-28 19:03:02.232311,81.2910652919575,29.510645861230092,49.12226244920936,0.5556124438965462,-0.07087761748013532,9.962799950452165,3.4819792757091896,58.90817889662378
2026-04-28 19:08:02.232311,81.20740416121791,29.460690590168316,40.202848575935555,-0.24285959304223262,-0.29359417059699844,10.216121504457586,4.7615207138430184,60.68903897415611
2026-04-28 19:13:02.232311,84.63215570792421,31.281888747077673,37.17077995668064,-0.1559165381995298,-0.367015333577159,9.874915550414869,4.2965634526838095,62.026307443565194
2026-04-28 19:18:02.232311,80.95608713000121,29.315982837518074,44.443963643247486,0.26458898959261745,0.26380832078161864,9.397090878303086,5.0906286807764785,60.472827549389486
2026-04-28 19:23:02.232311,82.44571560671585,30.105115357098548,40.14245898555655,-0.08607423781679334,0.33330978368768993,10.67046722016024,4.824784055451447,60.87588318949926
2026-04-28 19:28:02.232311,82.99936108860138,30.395056946103495,54.861234657637816,0.21924738971786015,0.1225572778364791,9.988927191523022,4.334222108131247,57.19216152227901
2026-04-28 19:33:02.232311,80.91992419621573,29.280687935497145,53.15081471541774,-0.1534914364540058,0.17177695793740932,9.909103599592672,5.882029126929487,60.36268293430167
2026-04-28 19:38:02.232311,82.33929801736453,30.032351305442504,63.50972985772486,0.1004930030601077,-0.13275741134770777,9.934441808718503,5.1228150856157075,63.851748692731704
2026-04-28 19:43:02.232311,80.92410741330036,29.27224698194095,57.312525508710685,0.14456520511757165,0.0044432116889351544,9.457018512428176,4.213100154687842,60.99997491406328
2026-04-28 19:48:02.232311,82.22046783974939,29.958303208046427,46.66341618165246,0.28469248726131896,0.2557517491673347,9.857003731035192,6.287466250569671,62.28494961982679
2026-04-28 19:53:02.232311,83.97005678487008,30.886081310776795,36.17391478423798,0.27466148354869646,-0.09390783002581628,9.827448214423235,4.662890839818002,60.14724281554428
2026-04-28 19:58:02.232311,82.84921821474909,30.28296473871161,35.059073954982665,0.18680769257104268,0.24645039640469737,10.363046801976271,3.585287057836662,62.46454696163162
2026-04-28 20:03:02.232311,81.88692337285318,29.764404821699777,59.6398472453123,0.1674676802407645,-0.13436823527019431,10.287868107014136,3.7567846460251064,61.446922561850876
2026-04-28 20:08:02.232311,82.47723924696443,30.073903953225123,52.858831341012184,0.3650213001887746,0.21863669358310314,9.371153317769833,4.285759724607019,57.964146661375494
2026-04-28 20:13:02.232311,82.03318266120169,29.83173777281766,26.424775238667593,0.12055370539229733,0.04136718836755653,10.06273835251236,6.078949075867435,59.40054568746169
2026-04-28 20:18:02.232311,81.20292935009412,29.383600005559618,50.023174998994804,-0.35976428911878705,0.1544614377816007,9.104758628213803,7.252481393422658,57.83834394801147
2026-04-28 20:23:02.232311,81.52055534460754,29.547664534632784,30.493942462830105,-0.22277238402825764,-0.07317241291700446,9.52610557187745,4.811126375675132,65.19480232078952
2026-04-28 20:28:02.232311,83.22712673063809,30.452499939181735,42.11869260724916,0.18859140753067188,-0.03049163616201585,9.79117744844941,4.958717357084344,60.106829854017704
2026-04-28 20:33:02.232311,84.34272050037805,31.042147281709052,55.103902937622316,0.0859748267608561,0.39247806076808783,10.046733288569625,5.004640141531983,64.68484209157926
2026-04-28 20:38:02.232311,81.14828366965202,29.333111637321156,50.4814631195265,0.3439356009519977,-0.19124776339002675,9.953326868092162,6.285985334874084,61.58589404152633
2026-04-28 20:43:02.232311,82.99005225722495,30.310052216026055,50.10306413841254,-0.3127936811253576,-0.027376235393007542,9.720223670600879,5.151999644518012,58.66571050082743
2026-04-28 20:48:02.232311,80.50451134064541,28.979094392516306,51.3526234655107,0.1722885952359407,0.1026638807653464,9.947593076733002,5.582603389069709,61.4152515190103
2026-04-28 20:53:02.232311,81.69875115036041,29.61068628969697,64.22557240475389,-0.17460460165196406,0.012593880229366607,10.05920879786121,4.327972595905984,59.9454766137805
2026-04-28 20:58:02.232311,83.72139074012642,30.684091402904844,36.75143927914873,0.2566805866774671,-0.4786168411467826,9.485130839956181,4.764954713972738,60.55784242991281
2026-04-28 21:03:02.232311,83.73748495273914,30.687338981630962,48.48232360165118,-0.23894117504907114,0.2732331901654681,9.941701028274963,6.448808275210472,61.29696451633437
2026-04-28 21:08:02.232311,81.15340889762244,29.303829084234717,36.229956156672976,-0.24894185331494154,-0.13430968796642714,9.7192785781361,4.655830376026256,61.08247307911165
2026-04-28 21:13:02.232311,81.76769353161343,29.626111554362573,50.56477500505957,-0.23642935575451174,0.31177949330768123,10.144577286592778,5.117537918847715,59.731140625285676
2026-04-28 21:18:02.232311,81.96020144385771,29.72344643955886,51.33951214271995,0.0483429129825678,-0.053592936892394034,10.323567550866965,4.993636997801158,61.149172920984284
2026-04-28 21:23:02.232311,83.47635955901282,30.526728099640927,54.79631629445089,0.023437670053117535,-0.3006756732768049,9.61696521974505,4.927952899148375,59.570825778439385
2026-04-28 21:28:02.232311,81.76605791855022,29.60923122339353,44.244579590511165,-0.09720835306457629,0.13628333529445982,9.45566463339911,5.2065549884155145,59.86902699384616
2026-04-28 21:33:02.232311,82.08777679176534,29.775478621107595,58.86872699935944,-0.06671096124342003,0.29300448891672076,9.749627084326502,5.597738533310722,62.610572182359014
2026-04-28 21:38:02.232311,80.45868904011338,28.90129581889256,47.66251652716476,-0.3431165819336693,0.007191626402161467,10.0190959994138,4.709434009033831,61.317666455304185
2026-04-28 21:43:02.232311,83.15093234261386,30.331822912225473,46.30230171889666,0.513294965972958,0.22159778928142818,9.594104259457502,6.81727811006677,63.15429230690718
2026-04-28 21:48:02.232311,81.40110359072816,29.393244909885762,58.092874337392175,-0.06781947496039696,0.01399219986877956,9.801827336869394,4.40368290414092,59.33159157808873
2026-04-28 21:53:02.232311,83.36306856264147,30.434290226905535,58.20333171439056,0.09271382215666278,-0.10552515859560128,9.322469668169989,4.794950013364795,62.49631279765161
2026-04-28 21:58:02.232311,81.14142275751848,29.24407646283927,51.805965800939134,-0.16046012657601405,-0.14493062577581328,10.032153553556851,4.070922277725231,65.07453938309251
2026-04-28 22:03:02.232311,81.58599575480493,29.475846060058046,49.831952528725324,0.07948988827087052,-0.030547089141996116,9.819162176782623,4.75359649284721,63.14124746330053
2026-04-28 22:08:02.232311,82.12313366757353,29.756983612200635,67.14547007867309,-0.4289228505178247,-0.10682050362129204,9.763631451856119,5.398180653882966,63.172953320083366
2026-04-28 22:13:02.232311,81.40560914214292,29.368967863970305,54.210877374015986,-0.08410133470238586,-0.2690727716113428,9.948818952950527,3.884604202339567,60.36431850432088
2026-04-28 22:18:02.232311,80.1037405304004,28.669301936373625,58.26078379442818,0.39465019473775176,-0.12750505867384593,9.5396790822772,5.895651916847865,61.870104718641976
2026-04-28 22:23:02.232311,82.47966836633476,29.931127447537957,40.023615149510185,0.2855417666610648,0.11607615456989513,10.089319716148736,3.7911439223227354,58.311829928842656
2026-04-28 22:28:02.232311,80.75116669892137,29.003923890250146,58.96506284945934,0.03828379358176158,-0.22169741380923005,10.043093489767015,4.974481722770773,59.61042860412599
2026-04-28 22:33:02.232311,84.07544155368126,30.771534478121414,66.57130809254369,0.21870674856209843,-0.1568906804266505,9.144099995416596,5.7781083426728905,59.810438078599184
2026-04-28 22:38:02.232311,80.09460695282188,28.643086689662415,40.95536223336968,-0.27815091150017734,-0.17371705814531707,9.697955055238515,5.00471515948654,64.38984567493577
2026-04-28 22:43:02.232311,82.54188735265164,29.94296690157096,57.71189466138298,0.28316537085573074,-0.020200963655149055,10.072201971308154,5.126375940920218,59.865683073436244
2026-04-28 22:48:02.232311,80.86301133480899,29.042230357387535,48.463310597582584,0.3818194198927919,-0.5101468242547641,9.7509775974877,7.157738005805571,61.53756884158903
2026-04-28 22:53:02.232311,81.71818784295536,29.492988493731605,37.5796250569187,0.04337351807471446,-0.09307835646470984,10.234862041051628,6.311932266649221,63.44422503835643
2026-04-28 22:58:02.232311,78.47118740424195,27.75591892508379,30.826770055938294,-0.031074530544854848,-0.14878169449467643,9.619282074775322,6.45431257066977,64.11040470400114
2026-04-28 23:03:02.232311,82.48671551934797,29.89219791847299,37.30764707330577,0.2613921091067267,0.22144515353194805,10.303183864694702,4.769103421905243,61.89671313415212
2026-04-28 23:08:02.232311,81.78981032942515,29.515179149180156,39.20678597023219,0.1075438436127193,0.17059165089029638,9.800149618461447,4.330060306725153,61.40726261091745
2026-04-28 23:13:02.232311,81.83359890215391,29.533197053301496,47.45433120360993,-0.11980465426996922,-0.04412079301740071,10.208960186304322,5.245168753289182,62.1255157481066
2026-04-28 23:18:02.232311,78.84904846110473,27.93610081674127,78.07603917679849,-0.29152899232500845,-0.027773062184577604,9.54326102063565,6.666620653237992,62.43183384823614
2026-04-28 23:23:02.232311,82.79360627749521,30.034528984148853,47.03131089550277,-0.6630495206323473,-0.028062750438456217,9.933047625745829,4.520953454579836,63.917811351830636
2026-04-28 23:28:02.232311,81.64922936375584,29.418858628820526,45.05950509106607,0.06564485527170054,0.14935151629806567,10.068193797801884,5.88753705512463,59.82427423457278
2026-04-28 23:33:02.232311,83.31861825054935,30.30386336710973,44.55352326577919,0.24106257090133648,0.17844399732144278,9.78267033302835,5.698714865757838,59.95292380135014
2026-04-28 23:38:02.232311,82.86139740446978,30.05467624786662,55.85998385548756,0.004396555141773915,0.28961096965334815,9.501924228507516,6.671101855596596,60.69697980625622
2026-04-28 23:43:02.232311,84.27285689750538,30.80211864281828,57.72939467491608,-0.09628520059855517,-0.22174908854472347,9.857859466645479,6.317938000264563,64.28303932401295
2026-04-28 23:48:02.232311,82.5110653193024,29.857160466442693,53.12312209191246,0.2670086602156576,0.01627960742620546,9.989028856539937,4.825742680145861,62.153339804923036
2026-04-28 23:53:02.232311,84.30627585622634,30.809270084801454,48.08780976727565,0.11075227682568246,0.23852005024829145,10.245612017364571,4.731738728842385,59.00723551455592
2026-04-28 23:58:02.232311,83.14576179384527,30.18499325019755,59.68936084754826,0.04237899944729343,0.239761777973283,9.559316075051116,4.304631889651817,63.65451416041625
2026-04-29 00:03:02.232311,83.96184625678121,30.61490229576273,53.183233710135745,-0.33639696734884017,0.1318293111423208,9.937891299937407,5.5346712367107305,60.80376279957633
2026-04-29 00:08:02.232311,82.18729775598611,29.663140427338,46.62979932173726,0.2952493983774524,0.021118668454528474,10.08285837694597,4.941668588024135,61.73253549293067
2026-04-29 00:13:02.232311,79.48377326664054,28.215924698353025,52.89275573038399,-0.40106621735430337,-0.14878605117368138,10.402169545051546,5.751395353671665,63.607381537128155
2026-04-29 00:18:02.232311,83.345499767687,30.27017616424381,55.81847101621551,-0.3110402467762954,0.08603431153593481,9.467502077811643,5.031034769406736,61.589570772368305
2026-04-29 00:23:02.232311,80.3549387476252,28.669874285543518,52.552670111856116,-0.47627645456557166,-0.3184925289466282,9.493428921495477,5.495481892606438,58.62795169375052
2026-04-29 00:28:02.232311,83.45170370283867,30.31614626032336,55.384562151613835,-0.057217568553767584,-0.14397002697045685,9.711013672716907,5.503745385583644,59.73874352775796
2026-04-29 00:33:02.232311,86.05048521729766,31.696827066700827,54.10588842618979,-0.24343076900413932,0.40241531622827603,10.354424169809556,5.103706950453407,57.78210465478106
2026-04-29 00:38:02.232311,84.30059859028415,30.75821819762629,32.08755531151775,-0.1007712791321108,0.18307018889238164,10.016039673985249,5.425768448450691,62.52378926677214
2026-04-29 00:43:02.232311,83.64082580277882,30.401003376289438,43.364814776091414,-0.2585902779714777,0.3040947846839771,10.016396814359231,5.8365657300091005,61.89364785523239
2026-04-29 00:48:02.232311,83.51058171915786,30.326203863690928,58.92239270461987,0.3146627732597138,0.023023982223370456,9.811036062663327,4.930406374879467,58.40855407911348
2026-04-29 00:53:02.232311,83.92706098257922,30.542990136181654,43.47083473514263,0.17597214842159897,0.1954281069608877,9.416344746839842,5.923807650861351,61.31161388215013
2026-04-29 00:58:02.232311,80.27625643526628,28.590558376280747,51.77316981299672,0.19431493051633647,-0.4305136638050005,9.72009246577831,4.614035983321922,62.18501483927592
2026-04-29 01:03:02.232311,82.40652781406303,29.72136711030501,45.219968521364365,0.058801177688082525,-0.07955869808337246,9.716201825313092,4.253831026703713,62.56581560211555
2026-04-29 01:08:02.232311,80.74432871727834,28.829524924019182,64.73763169122107,0.1638450414762516,-0.22516027025277086,9.692216577100599,5.656812586007085,61.96897593550521
2026-04-29 01:13:02.232311,82.82284323547394,29.932729999056175,40.43111263180137,0.2363070883753887,-0.520501093172054,9.565750019574256,5.060568893077667,62.83094459232224
2026-04-29 01:18:02.232311,83.73028172495422,30.411361192111656,36.52413068698055,-0.2635472938985338,-0.3623198131473391,9.871173541858164,4.551008323664142,63.38205749554771
2026-04-29 01:23:02.232311,82.84678103688226,29.934824823805943,53.590235182576585,0.4750873784381248,0.6226884239987851,9.434642347849161,4.63486489650008,61.267488505407066
2026-04-29 01:28:02.232311,81.34995614315166,29.131182212482287,37.62495295759878,0.11465101369877356,0.08486739116648664,9.944129124085142,5.078809988205632,62.02179245097244
2026-04-29 01:33:02.232311,81.58673829651319,29.252130026274433,52.59852157579977,-0.20512266278652144,-0.29151100083813986,10.023449841944583,7.094430595049005,59.01803793099848
2026-04-29 01:38:02.232311,82.42123793132752,29.69186049684141,34.71860470360187,0.13230713847512737,-0.4359497734919388,9.666896377722177,5.280222208240828,63.15827116662283
2026-04-29 01:43:02.232311,81.65425365327896,29.277466213881514,54.02894924042245,-0.007458447719921515,0.027998663102770254,9.739419729971472,5.196598460114785,56.565498739664974
2026-04-29 01:48:02.232311,81.58945566967633,29.23757128795944,35.9653579411776,-0.29716045958193776,-0.11609608311699383,9.940763755143747,4.550328144219869,60.69003183636829
2026-04-29 01:53:02.232311,83.05883820658971,30.01590597297925,30.279367605911094,-0.08216402646956535,-0.09253234181892514,10.118192157909041,4.804672295638093,63.9143252004126
2026-04-29 01:58:02.232311,82.74814471254359,29.844866774820645,35.054507738796175,0.47099882147081346,0.33378144290396927,10.208161402955506,4.794736504432834,61.54310576013972
2026-04-29 02:03:02.232311,84.25114457619543,30.64113070076763,51.53111842379013,0.12488181297467589,-0.069432174353714,10.024518550955056,4.764805705006425,57.93428944925914
2026-04-29 02:08:02.232311,83.69629753346696,30.339876276645107,48.39181145216761,-0.38920827804197033,-0.22543525464761674,9.926190113393073,4.839140610071427,63.85862929684516
2026-04-29 02:13:02.232311,84.59212755888493,30.81231628886736,60.00524679868117,0.13866158742343881,-0.4332602533755548,9.398799518359228,4.902937562967581,61.84134773862469
2026-04-29 02:18:02.232311,84.289918015999,30.64580186466087,62.332009796423414,0.016147981150836106,-0.39502495771692236,9.384828812438839,5.990498106543889,61.64633674310097
2026-04-29 02:23:02.232311,83.13503317582267,30.024527281899484,46.45470543449072,-0.36936161653209665,0.13091970735470432,9.359999878205148,6.777872633466286,60.493806244782846
2026-04-29 02:28:02.232311,82.67518280114388,29.773937747403465,46.84350057465645,0.22174318932437767,0.448768765050644,9.868682107798406,5.637055740629739,63.263217743887694
2026-04-29 02:33:02.232311,81.45863561460011,29.11977657991279,45.91548270103327,-0.13149819970942103,-0.07547251714160455,10.015605633528528,5.509444087748301,62.463179781983236
2026-04-29 02:38:02.232311,83.1497760168543,30.016382126447688,54.56935417914187,0.34924891060607616,-0.32487875488505263,9.60533515152926,5.983920994390077,62.90939622629523
2026-04-29 02:43:02.232311,82.25719835622189,29.53500470610974,46.693902582881364,-0.006848042012073108,-0.006662194922974119,9.673588811844501,5.033849010158107,58.70980030304083
2026-04-29 02:48:02.232311,82.69208183675313,29.76160656105906,51.735632550816504,-0.05356768271022034,-0.17432137665188166,9.697254067558701,5.5291877671073575,65.56084091477442
2026-04-29 02:53:02.232311,84.84705280758907,30.905588410837566,35.252069454936006,0.3294096904619437,-0.06908374707240411,9.608346903210752,5.7847402413774365,58.79900349639369
2026-04-29 02:58:02.232311,82.5024911797843,29.649819541341017,33.8370902848058,-0.18736844499260216,-0.06579131076546368,9.7553267806593,5.426558191919417,55.98802169013202
2026-04-29 03:03:02.232311,79.57633672042424,28.083867828348325,46.86392241952721,-0.3235858907127576,0.11741654877027921,9.691849729774324,5.7726349857598525,62.415107497858074
2026-04-29 03:08:02.232311,84.22930841194888,30.560116729160796,60.269103443023035,0.18465533806450524,-0.034020197638411284,10.26406753514069,2.941806153982103,58.09093558057725
2026-04-29 03:13:02.232311,82.73165416615056,29.75603179673436,39.53666536891522,-0.13751954620135637,-0.00839441507848374,9.294975321951522,6.142346316607453,60.484424140136625
2026-04-29 03:18:02.232311,81.54478281939818,29.117697743799088,53.140652292623145,-0.14031838965469243,-0.19725225903039925,10.072444174431864,3.6071341082580197,59.261811783624246
2026-04-29 03:23:02.232311,84.1764540060061,30.515919708655982,61.03102619319183,0.30592235946397073,0.10298731114430201,10.06240926694146,5.085309534436842,59.593941228031525
2026-04-29 03:28:02.232311,84.12643888865045,30.483908978065635,39.0180140152069,0.14185296118864885,0.05178527635733651,9.849576743087292,5.700611994384891,61.13907140626788
2026-04-29 03:33:02.232311,83.95814275373255,30.388815038108753,46.81750179814662,-0.14231691917334968,0.34159319766924806,10.05708618854747,5.595526107531228,61.333492078019205
2026-04-29 03:38:02.232311,83.5198016128568,30.149697094974353,40.13311603992428,0.29522037710978805,0.10637394832066628,9.661913145872019,6.149437553935546,62.614451407787016
2026-04-29 03:43:02.232311,80.8875084353799,28.74047139898601,51.3105295188812,0.2986314871462122,0.013188161584410104,9.579076870396822,4.476950705626679,60.583164949592806
2026-04-29 03:48:02.232311,82.53190459272898,29.612146681571506,48.705097096285385,-0.09042976987110458,-0.20877054018605357,9.998441395796208,5.5297074198041205,61.58622537953451
2026-04-29 03:53:02.232311,80.23881994452277,28.383832201194203,56.38090117500476,0.23448180404194555,0.18168285934192097,9.544377683715794,4.412468013126508,60.87260532444748
2026-04-29 03:58:02.232311,83.3949368247171,30.06175853596385,49.34185923117272,-0.0821364875041617,-0.0500745543557662,9.812294343086219,4.998472919987033,58.60926574994013
2026-04-29 04:03:02.232311,82.24516319531968,29.443209932284553,35.20097353149278,-0.1469137404726165,-0.530067089128032,9.944539154394175,5.142108462248302,64.19296874493257
2026-04-29 04:08:02.232311,82.79822488904297,29.732840167602976,46.66125125747386,0.08346891830461405,-0.36752899869762207,10.008397618302148,5.7353468853409435,63.595788814618686
2026-04-29 04:13:02.232311,82.87164093200303,29.766659389181008,55.029461722108564,-0.031679481639022976,0.15281026858869665,9.626804084712179,3.2352215998246505,60.5017208505375
2026-04-29 04:18:02.232311,83.71337954621214,30.210250648758528,44.44756976243072,-0.443174695901422,-0.3356581967561478,9.804423947406105,5.938506966892215,61.26489479831006
2026-04-29 04:23:02.232311,84.16742189722119,30.44707056796269,62.92411221301473,-0.0002688751517132635,-0.0137845728083906,10.509923768721864,4.89138076122358,59.33231998543279
2026-04-29 04:28:02.232311,83.18427732340385,29.91739079392611,70.04688467442807,0.4013763366017504,-0.3635665424736374,9.776988578770384,6.4001837143563485,61.04718703461215
2026-04-29 04:33:02.232311,81.43439215500234,28.97878270277797,62.24785942805089,-0.18318826635851262,0.2205506541359612,9.955402171767702,5.064853961643408,61.09774124562002
2026-04-29 04:38:02.232311,82.08420971802444,29.320016068389094,43.8147616382651,0.20639661627622674,-0.24328929315567688,9.275112508034777,5.328025694331258,59.442389382633195
2026-04-29 04:43:02.232311,83.39661190211363,30.014627898569323,39.49746880570992,-0.5007252108343054,-0.1940079396721469,9.756269757254342,4.322851057801611,59.37125035489311
2026-04-29 04:48:02.232311,82.64799196116304,29.610027928728346,47.324605897585485,-0.2089687327027249,0.2316655737121212,10.080129186402328,5.823581484796502,61.641230863766836
2026-04-29 04:53:02.232311,82.92950171640128,29.7548304635214,44.40641672683521,-0.2150956442461976,0.2927541521327336,9.649085161568033,4.740848775399717,59.9209867608216
2026-04-29 04:58:02.232311,83.70526077115265,30.16323262472147,49.69136927456867,-0.044669465969706855,0.009870028839628663,10.005848860775103,5.7680766298659965,63.1903442012753
2026-04-29 05:03:02.232311,81.68939716831024,29.082769368538184,57.63597642776743,0.04128186254394974,0.13886437332181323,10.01064761064415,4.699222433521758,61.131014622576885
2026-04-29 05:08:02.232311,82.10337614545473,29.298222155014578,54.449745865024475,-0.06433191248189013,0.03209707074416453,9.728786976231028,5.677752354929938,62.817520391370216
2026-04-29 05:13:02.232311,83.60704227368616,30.094841422070676,41.317672875658424,-0.0620828043209333,-0.09737785340940995,9.67960430189971,6.105255383298283,63.83645272263774
2026-04-29 05:18:02.232311,82.3499126777137,29.4190363028847,54.12700875142406,0.18127163219398254,0.4166519883725319,9.904014942325288,3.956351408721349,58.63893505074479
2026-04-29 05:23:02.232311,82.51230090265103,29.500307354850605,50.162725972800125,-0.352965919026898,0.036075089835678795,9.786933659024399,5.813762796392298,63.16022677085874
2026-04-29 05:28:02.232311,82.34455376398371,29.405506212894036,50.72093306092013,0.2651999051661717,0.09541956912566447,9.69390331505741,5.664923630227891,65.31240746503461
2026-04-29 05:33:02.232311,85.5816440747192,31.12661837728563,36.05360647463558,0.002701560553055242,0.03586787551431614,9.707574586104233,4.322804120163296,57.050564276159804
2026-04-29 05:38:02.232311,82.30292024479097,29.372629666656564,38.70092688417169,0.31093720362696864,0.02179981689244035,9.707770092953306,4.807829156402262,60.101667029583766
2026-04-29 05:43:02.232311,81.06280389069167,28.705898276469608,63.34384844702686,-0.29579620650651894,0.05963287102130327,10.027694195319489,3.816464890510294,61.89156669717603
2026-04-29 05:48:02.232311,82.42128608021798,29.425086109549635,43.57394001315506,0.21455358176539738,0.047642204362657224,10.110768701872912,5.641558049804196,61.86166120220261
2026-04-29 05:53:02.232311,82.27802990976593,29.343346817307882,58.10569049405095,-0.0001180393029384114,-0.2516460528635544,9.632784871956364,5.725426604960525,61.422617404649664
2026-04-29 05:58:02.232311,84.3840656472575,30.46122987596938,58.96043785760344,-0.4028754330769609,0.2558662898815978,9.910159837148223,6.770138710548001,63.429451960828374
2026-04-29 06:03:02.232311,86.77142847547466,31.729154049684535,46.923065302710384,-0.023127420726723278,0.035400882461010336,9.785325049734395,5.559823959264328,62.64783723449572
2026-04-29 06:08:02.232311,84.78843685276523,30.66622251623884,52.971469802473216,0.08597634068732023,-0.13447632087629713,9.542645476901301,5.957649865662377,63.30066655834015
2026-04-29 06:13:02.232311,84.96680874702362,30.75601819184265,50.67632571725766,0.01411198289795561,-0.14121462936279838,9.732080572277537,6.042686943557742,58.05947275677268
2026-04-29 06:18:02.232311,84.53507308657574,30.520423171603113,49.78974779021386,-0.21654240631278687,-0.23232104761378955,9.889661178877109,6.712765093946754,65.14569014336833
2026-04-29 06:23:02.232311,84.19652373409522,30.33452751561283,32.48035263458593,-0.016089335983069393,0.18523707174799087,9.704443211203674,4.458338841856042,59.19543370973629
2026-04-29 06:28:02.232311,82.75105309951405,29.558273842502214,41.806951655836606,-0.4759191433402169,-0.5067262497388717,10.477503010182463,6.792464513451155,65.0212466513154
2026-04-29 06:33:02.232311,86.36165102212574,31.478590066561114,55.56450402483947,-0.22178183236958018,-0.2044507099859671,9.616797413700462,5.945799693695072,62.645438019078625
2026-04-29 06:38:02.232311,84.65343678750722,30.56220647343056,59.870349011980636,0.2708053425126056,0.04954724462601208,9.69063671274775,5.551095860831073,60.258594161096184
2026-04-29 06:43:02.232311,85.51438361479856,31.01604211331862,47.00175357718176,-0.3475862874084817,0.11351294606436442,9.610755661750998,6.244334763695582,60.60063379212375
2026-04-29 06:48:02.232311,83.07531457858053,29.709869292668326,55.812733154000185,0.05758419966376104,-0.013076917698311862,9.969307740159234,4.639318744233224,63.77127020955177
2026-04-29 06:53:02.232311,86.6151377440337,31.592438979576023,56.812084620407944,-0.27623159123922236,0.3962559963913562,10.47048678487501,4.64101901172333,63.81626491767516
2026-04-29 06:58:02.232311,84.10186205504696,30.246689277449097,50.75179133604416,0.5689084014620887,-0.03887926957951631,10.08106449183668,4.838460281517439,63.759272121386466
2026-04-29 07:03:02.232311,82.66890865694847,29.477111463795897,41.962719046526765,0.25111148528443644,0.20781277372881587,9.79648961179018,6.267332014575991,63.482520671315854
2026-04-29 07:08:02.232311,81.53822420747126,28.86874375607405,50.27320568428389,0.4041474954108342,-0.16706685387500367,10.132782203567762,4.367363520443698,58.5675928904597
2026-04-29 07:13:02.232311,83.55525291217754,29.939156397250066,49.597610134239275,0.35958790565373067,-0.2887834965669849,10.08719538353387,4.777198323446838,57.74525777481882
2026-04-29 07:18:02.232311,83.51869599364153,29.914323372696856,41.23279239872553,-0.07269989238546651,0.21711112983187444,9.746399784197292,5.011667246014056,61.91694943519885
2026-04-29 07:23:02.232311,80.93322735294042,28.53007076298893,50.192950636982175,0.2875620462110343,0.29029160787578023,9.48144740661813,5.438395251898345,61.44976987592585
2026-04-29 07:28:02.232311,82.41880227114726,29.31704138469858,61.022458113747525,-0.1501659633113364,0.38552982181007217,9.75310531144812,5.529199805061482,60.51659942844559
2026-04-29 07:33:02.232311,81.94907360504968,29.06118342811254,40.24865034912145,-0.15134212124755167,0.32387100082416376,8.827016897665345,5.477827381885698,61.34741802446737
2026-04-29 07:38:02.232311,87.0378736332379,31.769874108478916,36.26542120959783,-0.30959694292878215,0.13937608982155056,9.46886587809425,6.609860458780962,63.828022287134054
2026-04-29 07:43:02.232311,83.04347542967601,29.634192398578577,66.49924189227903,-0.2560043253649865,-0.039700205298713646,9.83592931304886,5.160890014104233,59.79151936512706
2026-04-29 07:48:02.232311,84.54162649789883,30.427870300296753,43.663476087362255,0.39357039493008245,0.045885794478710135,10.060873448397125,4.576732695681233,62.86982570925507
2026-04-29 07:53:02.232311,84.27113528254581,30.278272317441143,49.6351513321759,-0.36228115968272373,-0.09129979289174943,9.86475694837074,5.242949551568738,61.22824244046962
2026-04-29 07:58:02.232311,84.4403143541199,30.363165154279997,45.21281149826457,-0.03139763599920775,0.0830715769315372,9.875897691529907,5.327861788732179,59.786401545576666
2026-04-29 08:03:02.232311,85.35328326442884,30.84474590511076,46.93750656770881,0.12250152178638928,-0.18490011565909628,10.40732689908383,5.404029167231735,62.5399643034055
2026-04-29 08:08:02.232311,83.55491968297751,29.880282660336047,48.311175506018614,0.024323058237456844,-0.35915126222380256,9.66792132888093,5.055344456203052,63.41352882755986
2026-04-29 08:13:02.232311,83.83899246212292,30.02645214121293,47.86327047975214,0.08152334548346395,0.020319112438153354,9.835690610654883,4.736968431638376,65.67277903369555
2026-04-29 08:18:02.232311,85.37868572753496,30.842285881432016,36.955708745951306,0.11017719865013677,0.44431033913393675,9.64823870552475,3.8420072374720924,63.85010534407296
2026-04-29 08:23:02.232311,83.20957738095116,29.680092095253325,53.1292572679064,0.05429627275778151,0.2438055542518228,9.994687650556408,4.910280772306409,63.11329996882817
2026-04-29 08:28:02.232311,86.75893409462965,31.567746341214516,56.65539248279353,0.2472295398056063,0.16214803810295655,9.950539008654719,6.150620534586286,61.09844076709403
2026-04-29 08:33:02.232311,83.3075416121248,29.72166768254459,47.57265799216816,-0.0534305368076464,-0.22008829566266,9.5246646260589,4.7802916639270565,63.31542023149404
2026-04-29 08:38:02.232311,83.57508313282945,29.859020492253077,35.84498230080419,0.09754526507711851,-0.1257489344845424,9.980203770806517,6.44418757363856,59.74913219117772
2026-04-29 08:43:02.232311,82.54046846953707,29.30189000382981,40.70948860821342,-0.3507519711130939,-0.2821837629476452,9.59658846472328,6.053218292616107,59.88955461531753
2026-04-29 08:48:02.232311,84.02496893302202,30.08828758302112,53.36239777010739,0.01379172223184213,-0.38959853875097616,9.94745288454176,4.256628341527554,62.0568935795179
2026-04-29 08:53:02.232311,84.68894202274168,30.437070562870943,63.92271130554954,0.22831635181608748,-0.12984343279052643,9.604138437161131,5.775523734075182,63.75614438197124
2026-04-29 08:58:02.232311,84.58961852758824,30.378762030788437,62.0141717727263,0.029690423522024088,0.27443056056240517,9.90264687414486,6.790089842654736,61.64446866637148
2026-04-29 09:03:02.232311,84.15657426876854,30.142469091417254,43.72619191496832,-0.24676446455795953,-0.0389352253811815,9.548388697495454,7.333282874568798,63.360121548460896
2026-04-29 09:08:02.232311,82.45244176017705,29.22826241883447,37.61861019015124,-0.049443735372221284,0.029414443981337322,9.512716028331122,4.582506057671267,65.70366410212986
2026-04-29 09:13:02.232311,83.18754333079181,29.614980588495,43.630900646020955,-0.03375589465054533,-0.059014892928983056,9.651792146422737,7.159814780682072,64.71530833655369
2026-04-29 09:18:02.232311,84.57282075598924,30.348459213932962,39.70018223807509,0.21323433678321116,0.09706377486748524,9.918013822979129,4.501126791115146,60.59002517265089
2026-04-29 09:23:02.232311,85.9409309511464,31.072781983349447,46.954936388246765,-0.09062537956407023,-0.09194288046257355,9.887048111144276,5.40065971282561,61.76201841921386
2026-04-29 09:28:02.232311,85.32690896682486,30.7399675903773,45.814822284592935,0.13645654598448423,-0.30647803470542284,9.403400821410466,5.702811788645025,61.523832345292966
2026-04-29 09:33:02.232311,83.49808242147336,29.75925743152249,59.397650670640786,-0.23760623603211134,0.1673646653091807,9.584955008063018,5.846148300486926,61.100022364939534
2026-04-29 09:38:02.232311,84.49826652563209,30.28735295240648,38.65539167326355,-0.4572925508374019,0.6104792643581697,9.20455320084356,5.847024715243313,58.38657680162533
2026-04-29 09:43:02.232311,84.56078857412243,30.315362043600665,48.976956617565826,-0.28495626671287516,0.19220405612910027,9.743737945296287,6.17091217445685,60.106518634504184
2026-04-29 09:48:02.232311,83.05543813919597,29.507172476972553,52.962764243734355,0.5636605625262896,-0.248858089259396,9.455622847893917,4.896381169352866,60.67876997021993
2026-04-29 09:53:02.232311,85.05278101798743,30.567086010993993,49.2656812816283,-0.20965337768571798,-0.25598955788418887,9.762434832385845,6.2236294996806425,61.800312530609105
2026-04-29 09:58:02.232311,81.42913326375309,28.62913787406835,52.94243247147417,-0.19138160862722106,0.2583078154350982,10.216708163469537,4.2011326636431265,62.91833113524814
2026-04-29 10:03:02.232311,84.14709405558249,30.073380961710022,58.94074755311405,-0.15946709936607684,0.1868613394353358,9.738050927280884,6.258023903239684,60.75054015513815
2026-04-29 10:08:02.232311,81.59469501758063,28.706765473441706,51.18205695610502,0.5036364613312838,0.2468746644497966,9.389550477577025,5.959047435042873,61.133448199055984
2026-04-29 10:13:02.232311,83.37561784068292,29.651254977762257,48.69056788782563,0.26573898333843343,-0.4564015456486631,9.685822125171324,5.281226288065963,62.88201107263373
2026-04-29 10:18:02.232311,83.36490048695391,29.640203054439457,48.46935675800537,-0.08786976857179958,0.024514924575078974,10.214306372135006,4.865585591344914,61.83794933804978
2026-04-29 10:23:02.232311,83.67743344606431,29.801551297964327,51.79170325097349,-0.24275140482588292,-0.07835804808755004,10.33005722469653,4.835947638510875,62.407099318976165
2026-04-29 10:28:02.232311,84.8418638669794,30.417244854451713,56.41522422656635,0.2425805004062412,-0.43843430824340623,9.715386388182715,5.821693714241899,60.53340378017898
2026-04-29 10:33:02.232311,83.88960813573323,29.904039129786423,46.78520797632581,0.18192318023654147,-0.519377908693128,10.043139235565365,5.182672952365966,63.77538547378611
2026-04-29 10:38:02.232311,84.8243219063099,30.397217139426644,51.917216791519785,0.07551780022718427,-0.0005968272238797447,9.379965891756298,5.52589504094487,64.57772548185777
2026-04-29 10:43:02.232311,84.45346362607559,30.19409005530101,48.677164779637174,0.13360093884420934,-0.2285008263751188,9.509301535446877,5.516079011329882,63.47769022637772
2026-04-29 10:48:02.232311,84.43345196701925,30.17808116913697,51.61017280132962,0.2102385840451305,0.20386685576724003,9.810278915635003,4.213184743224413,59.05749719233628
2026-04-29 10:53:02.232311,83.87910696283885,29.877094498906747,56.502139654943505,0.40683809101752894,-0.2801112178386751,9.369846293641368,4.948286864435184,60.99464380145448
2026-04-29 10:58:02.232311,86.8911448949437,31.478178728028666,52.06917266934241,0.4404548990162485,0.03694781810649954,9.683082359772852,5.103510909558002,61.8011797556632
2026-04-29 11:03:02.232311,85.34648067197588,30.649021807778503,61.69851323469483,-0.5151917457024928,0.15264424989113132,9.931879222217258,5.998964462603466,63.17295064294453
2026-04-29 11:08:02.232311,85.3147737774825,30.626775462714694,72.1058068658088,-0.1439566348717835,-0.005442597167158461,10.002757286850413,6.386185781989859,65.06893667765064
2026-04-29 11:13:02.232311,84.89369140143157,30.396862194153524,52.59927293757572,-0.037589287660369494,-0.2429609495770639,9.690383471867753,4.605594962677844,66.64878898546965
2026-04-29 11:18:02.232311,81.6029340863006,28.636455624749683,58.240638034633136,-0.013111122971741062,0.4739340806199,9.776851979988935,5.086726630540677,63.35448655172942
2026-04-29 11:23:02.232311,83.4256554447991,29.603237681281556,49.96226537121432,-0.06005159165975335,-0.2733312628028925,10.323300848495343,5.820461627864098,62.72436387420662
2026-04-29 11:28:02.232311,83.57971278880419,29.680065596750254,42.821340990744766,-0.11847518601837805,0.22158243518805135,10.222247984641097,4.940726997885815,59.88277632602434
2026-04-29 11:33:02.232311,85.23141582595358,30.555637881895933,50.776884327938646,0.4464257694134164,0.11477747247424733,9.821798137850173,5.620120402829256,60.523289313255795
2026-04-29 11:38:02.232311,84.97586747699359,30.414009427783277,43.48910155261966,0.22565451112201831,-0.32907094841049345,9.934391876500333,4.115728195781469,64.68554161945606
2026-04-29 11:43:02.232311,86.98842299106788,31.482036367288895,46.59926949181366,0.004153138152042886,-0.24243677660628676,10.072967285967453,6.428969161033372,61.76814248157821
2026-04-29 11:48:02.232311,82.93979730728371,29.31743333460334,40.41780231967489,-0.2457919121676673,0.11576535213917889,9.921579656824871,5.487313589991009,65.14988779672031
2026-04-29 11:53:02.232311,83.75282794114307,29.745713671327664,53.105122219489544,-0.3969285799836278,-0.14799519695943741,9.651208706486132,6.397415893604016,65.41584706668418
2026-04-29 11:58:02.232311,81.70248339306463,28.646860577685157,41.05495067960329,-0.3464674982925041,-0.27531649013353354,9.122352440641668,5.5839175643196155,63.58658068536046
2026-04-29 12:03:02.232311,83.45556744735401,29.576502738638837,52.384909088250794,0.03678695615610664,-0.12289932811197292,9.448576869661785,4.865147803972016,62.908237053582816
2026-04-29 12:08:02.232311,84.25026527376257,29.99500557805606,39.20054827937682,-0.3249042654389656,0.04459117359530047,9.052080070207163,3.6173876249652137,61.606574681371555
2026-04-29 12:13:02.232311,85.92015054179238,30.88027505300463,40.59607267605897,-0.08950565165230041,-0.5590993316677078,10.061307105243008,4.792083123968109,63.750156092138496
2026-04-29 12:18:02.232311,85.24152094569456,30.513003267085118,41.52629707900897,0.0956523448872875,-0.21360402557760758,9.546827887872805,6.92132654566914,61.532607541197464
2026-04-29 12:23:02.232311,83.15636536799695,29.39558429097907,52.482025936512436,-0.1847033770362727,-0.31359776170071435,9.9443860626006,6.036809222101553,66.50331231730301
2026-04-29 12:28:02.232311,84.86642518440063,30.30228019172703,46.15456740219964,-0.07460303500556865,0.26036528938327047,9.599314783083173,6.299317008342424,62.75685710127405
2026-04-29 12:33:02.232311,84.28701542453692,29.987925651799042,42.68180778827505,0.19043036435029634,0.422058462163288,10.154032517522324,6.137084752604011,67.44972905752235
2026-04-29 12:38:02.232311,84.53066279946843,30.112534917095186,45.40873168853304,0.09101563680612076,0.21555431090868316,10.008304945085005,4.81034081643309,63.757610983260605
2026-04-29 12:43:02.232311,84.12666862350137,29.891735355245423,45.99768792076155,0.05687269024581984,-0.013062944363934672,9.352271108645231,6.20259495754234,65.10206545654749
2026-04-29 12:48:02.232311,84.1250253350023,29.885522933378585,46.53728390345304,0.017161677297563897,0.7378429908535787,9.471845265897059,7.352628476128205,63.28883159774388
2026-04-29 12:53:02.232311,84.72211244498514,30.198633390702096,48.01936655644847,-0.053927488379847524,0.35927257024636167,9.724272959210873,5.254404680623566,61.47405314898298
2026-04-29 12:58:02.232311,85.24418043515853,30.4717336507939,48.737555441906906,-0.09092863510387178,-0.4774563134486775,10.16627863203676,4.5244945474078175,61.70068343043197
2026-04-29 13:03:02.232311,84.1128697559976,29.86303195390741,46.349543713957495,0.30633407569154625,0.5510363335972878,9.839924168305908,5.25458661197781,63.188393824047445
2026-04-29 13:08:02.232311,85.17316215022024,30.423185229492148,52.11635731253312,0.43673437866104436,-0.20591257528142629,10.069936894963956,5.721124901989915,62.07257357565815
2026-04-29 13:13:02.232311,83.60048576413249,29.579088488911346,59.20814859067012,0.07056398058407945,-0.5134056158626774,9.872661268104723,6.510530802259564,62.94292695010946
2026-04-29 13:18:02.232311,86.58304612125245,31.164451344708,55.64607584838034,0.03934212672927682,0.1998983875281403,9.821989166523355,4.686678590341976,60.98522340458841
2026-04-29 13:23:02.232311,82.81359962535088,29.148743878893153,48.019232765005064,-0.05201058896671234,0.1418679097535913,9.607681026126563,5.663118086814729,61.84503569837216
2026-04-29 13:28:02.232311,86.17970307832316,30.9386630524777,51.31653197320839,-0.25695768067791136,-0.017711848418581536,9.556663684888562,5.257591231727057,64.97453336685206
2026-04-29 13:33:02.232311,83.9343075486695,29.735782768661753,49.48561854903869,-0.32203181035088596,-0.11755719573339331,9.623401756731852,6.138104717353178,61.832282425508666
2026-04-29 13:38:02.232311,83.64026674718417,29.573625006535575,43.05025830695814,-0.0888123450577966,0.04509664045041382,8.84381465726586,5.009024094447989,62.967254053139214
2026-04-29 13:43:02.232311,85.63238054469858,30.630749697209264,44.65469941178707,0.0801164745787571,-0.040197931487296674,9.853239686681047,4.508838396279877,63.183603986470345
2026-04-29 13:48:02.232311,84.7512702123283,30.155488185277783,67.78331040230032,0.003136685306488077,0.31305988178802324,9.204349707640132,6.139709313161664,61.9411165249344
2026-04-29 13:53:02.232311,84.425752859878,29.97654292930362,43.97914186184809,-0.1024074842165211,-0.2965985695462201,9.554341693727064,5.9408508528360064,61.26235525290857
2026-04-29 13:58:02.232311,83.38617472168099,29.416765254264536,29.729284529066124,0.16497003135635724,-0.3171908203066605,9.798553253490606,6.118808593763429,63.445858271363875
2026-04-29 14:03:02.232311,85.0247696658929,30.285346556510234,52.78411237106097,0.08197392274469074,0.22415392628083283,9.994362147162082,5.858676274516986,59.012717923715584
2026-04-29 14:08:02.232311,84.45823945922042,29.977861111617578,44.43591387408104,-0.5389898642858134,0.015826103257585305,10.158244892666186,4.3964365331850646,63.26163937503802
2026-04-29 14:13:02.232311,82.7134163006559,29.041952759049156,61.7739746535756,0.10747335600760304,0.14733401456830345,9.68456111233579,5.126541414493035,63.35742142046738
2026-04-29 14:18:02.232311,83.44657665649416,29.427635614162234,41.22038011715542,-0.1797071475237578,-0.5701599728655135,9.537321276515206,4.649659580361828,59.8671956541066
2026-04-29 14:23:02.232311,83.15478326454111,29.266676470453277,43.552973027084086,0.1484183319100825,0.011177688827065277,9.456481009220417,5.05850765512703,65.48069965329535
2026-04-29 14:28:02.232311,85.82969622550641,30.687960714967435,64.51154693777553,0.008098925493523996,-0.09590158140084734,9.908282551906545,5.234312141619785,64.49204549856786
2026-04-29 14:33:02.232311,85.20185719455921,30.347777230461595,40.39877657924316,0.3562452022504252,0.4308252856696593,9.61293039613858,5.183731411158361,62.27945177261053
2026-04-29 14:38:02.232311,83.00595604493735,29.17129394932927,56.94101739479849,0.3217036455804481,0.2600185319259148,10.087100551649094,5.90603941191251,63.844095256896985
2026-04-29 14:43:02.232311,84.84176682583393,30.14505703114011,48.5498656049656,-0.2017195121963633,0.13336730854595777,9.755519220232578,5.001282334590748,66.10909508193055
2026-04-29 14:48:02.232311,81.20877070746056,28.20212310000698,43.63753409138888,0.37576411967039075,0.006191001141805635,9.15753990734519,5.364804768449847,61.225947015920624
2026-04-29 14:53:02.232311,82.8586428032719,29.0767188831057,42.731199967451865,0.09892063873077404,-0.017788045105200753,9.446498989624924,5.615105448070272,63.29330020774087
2026-04-29 14:58:02.232311,84.46602209121927,29.928651835343626,46.894010909293264,0.032342872211917846,-0.21877529837020643,9.507395252942317,6.306023265631474,62.5000091892811
2026-04-29 15:03:02.232311,84.8371449588094,30.12124803005769,48.57115191889149,0.11846075160781357,-0.13741274181712385,9.87408729466449,5.6789850612102235,61.919175218036706
2026-04-29 15:08:02.232311,84.22528324323909,29.78958578041953,47.14078435316252,-0.08444817438937749,-0.07945259752547079,10.315404584954631,4.031355003643735,64.80234577040767
2026-04-29 15:13:02.232311,84.57824864772023,29.9724979948088,57.03118420030282,-0.10181585428218504,-0.3366398987299817,10.24985832785377,4.96346060077638,60.08128485705053
2026-04-29 15:18:02.232311,84.59969926378413,29.978602322042214,44.08537505529216,0.35383722030062226,-0.36603118408100327,9.438976781406176,7.663410850506727,58.82734695422666
2026-04-29 15:23:02.232311,88.27166837541907,31.93164984691352,44.84462131102271,0.11746781698695599,0.1884039149908101,9.826456333396452,5.877666243868445,61.3442770226815
2026-04-29 15:28:02.232311,84.06767539475516,29.6841842558921,48.59066289301795,-0.011381404205450888,-0.07548686541615444,10.067496660581561,6.37859258423827,63.442971739054215
2026-04-29 15:33:02.232311,85.61694360814762,30.505124635034072,43.049932117287156,-0.033459566240053897,0.4822149443909607,9.393646780260037,4.889381955431153,61.275161952330436
2026-04-29 15:38:02.232311,82.97972586992182,29.093272506646315,51.28970273008629,-0.20969621497724467,0.5791689713895557,10.38597407949204,6.01106736025479,65.4946345245735
2026-04-29 15:43:02.232311,85.82083116723696,30.603192663880392,64.10539128275104,-0.10798020072498574,-0.3157271850044792,9.621919417722722,5.834454879830883,68.80536134283366
2026-04-29 15:48:02.232311,86.43888180714627,30.927483670498024,49.02129070477293,0.07552106954260826,-0.1574989143071705,9.724632709523787,6.226649558181281,63.59754836083816
2026-04-29 15:53:02.232311,85.90268537413083,30.636176238222447,38.81982551614299,0.26668234396618407,-0.6125204614006516,9.822414290394311,4.807260189589856,58.85183762665535
2026-04-29 15:58:02.232311,83.51938606051479,29.359747269626567,46.02271628737747,-0.040499413184944384,0.138369604377952,9.666997806446972,4.9338781044259825,63.519200268974565
2026-04-29 16:03:02.232311,85.95107617416434,30.651312662238993,39.77342295502955,0.08224897648820668,0.13251240434498013,9.715006574941395,5.252922716898553,61.44651654911081
2026-04-29 16:08:02.232311,82.96671122937126,29.05431535701534,45.369085567543735,0.2667712186357248,0.1630510917101124,9.69363407400808,6.636451359036695,62.971490101051145
2026-04-29 16:13:02.232311,85.22104390651515,30.251290116824755,46.906670743947366,-0.11957267573319799,0.11578607512296568,9.679200459840896,5.593192252718886,59.900040622083715
2026-04-29 16:18:02.232311,87.60780274795067,31.51889216425637,56.159820468967766,-0.07888778759190121,-0.29732940520247914,9.515194636212208,6.031091576973287,66.6842411573525
2026-04-29 16:23:02.232311,87.55303054315921,31.48434432036692,57.73369056653088,0.031056256897655222,-0.21081081257067355,10.033412742127553,5.724518322577379,61.287661351580226
2026-04-29 16:28:02.232311,87.37182070357638,31.38236307125541,58.26668605064241,-0.23275307601893888,-0.3339068212307194,9.83034782325482,7.254842149814696,63.85513272681738
2026-04-29 16:33:02.232311,85.25317339611368,30.247081839274635,54.90731989178012,0.2873472157314923,-0.4297978868757266,9.87318435406288,5.087536759898931,66.95063351662161
2026-04-29 16:38:02.232311,85.24106267137651,30.235286784747476,44.25904002716636,-0.4869608370023549,-0.03220618974552096,10.08424798787208,5.661311851405443,61.066217125034925
2026-04-29 16:43:02.232311,86.20144252275189,30.742153370813675,49.609405829005944,0.1340330477224868,0.3729175736485552,9.577632676070868,3.64161726610104,59.98517382158804
2026-04-29 16:48:02.232311,82.64839038778446,28.841856230830388,48.69493817804911,-0.20252389901685447,-0.2638699009251159,10.064190447395063,4.918069070775562,62.04692809140382
2026-04-29 16:53:02.232311,83.42038446587702,29.248250404479087,61.76064173686415,0.2697343176469806,-0.47595988710097115,9.640096177990399,4.53249914325143,64.4383330525632
2026-04-29 16:58:02.232311,86.18259768144941,30.71609478478369,52.48027175151058,0.10227635622876857,-0.022985090676010025,10.43620744355856,5.213638626955927,62.38302329030176
2026-04-29 17:03:02.232311,84.34531184133256,29.73087300205404,52.83374071259743,0.2961510365185966,0.2892725006667834,9.802093163698379,5.545115059171691,57.87559613234535
2026-04-29 17:08:02.232311,86.19300262221502,30.71097208385735,51.37712138806448,-0.028067933728400763,-0.4984351229234836,9.982264701040217,6.0117158411277245,59.74203261322951
2026-04-29 17:13:02.232311,84.17108251144073,29.627278690110394,54.61817853076674,0.13897747797861784,0.18685233182654037,9.777265291940326,4.77669994199092,60.65900645064467
2026-04-29 17:18:02.232311,87.49255393938988,31.39339411701594,55.97322558326562,0.34839216319396415,-0.16302431343854867,10.076049156907189,6.624802292383585,62.29401148681133
2026-04-29 17:23:02.232311,84.0823885542097,29.56930324358585,44.48692752913839,-0.18246108774099742,0.023695469749025266,9.613471328330082,6.4980408229441915,65.93788967185525
2026-04-29 17:28:02.232311,83.72071054163966,29.371072302214493,55.56920918326892,-0.5058761053776714,-0.2127783448304984,10.4010300509278,4.898769273229507,60.51491846093011
2026-04-29 17:33:02.232311,87.38443881771816,31.319724714789025,50.42065712842744,-0.0015794288169329802,-0.3693378323279319,9.634864026076635,5.365848167709952,64.36599535034932
2026-04-29 17:38:02.232311,84.76138160489991,29.915424866618622,55.83127271666278,0.2705073022231329,-0.42098641123502795,10.15100887324694,5.910471444085669,63.20548568037207
2026-04-29 17:43:02.232311,85.23979160924797,30.16524086760359,38.816899355703164,-0.130216645664209,-0.30331513431889046,10.140980828297513,5.0447128138771555,61.664572075956215
2026-04-29 17:48:02.232311,85.10734356542442,30.089265909563686,37.19856616183008,-0.1347837117439337,0.10685423628673706,10.055417278292891,5.592704873590602,63.13857079235229
2026-04-29 17:53:02.232311,86.3506762267131,30.74704066091699,43.19537073340737,0.2627924346224245,0.06727489137614198,9.756964107171752,6.6546816329986385,62.34909305102082
2026-04-29 17:58:02.232311,83.69253834740147,29.324031123950117,67.17685982437789,0.36701064503623415,0.39962002060267915,9.708369249397894,5.2561537940643746,63.620434693608104
2026-04-29 18:03:02.232311,84.1295106784459,29.551747032506476,37.46747722009843,-0.1355510995036461,0.0854292855741779,10.20965648229524,7.060956017861235,66.53531598453087
2026-04-29 18:08:02.232311,85.16072827320615,30.096393748377942,54.27787635815781,-0.001695880880425456,0.12183636579934841,10.4093092401403,6.140892087012817,63.340669517410944
2026-04-29 18:13:02.232311,85.31644472333276,30.17410652044481,64.30025266916917,-0.10763079231204035,0.0032419092706296522,9.684823772023213,7.244529547836191,64.43507546642623
2026-04-29 18:18:02.232311,83.76421114940945,29.34091261301837,41.7298720926836,0.0711501378469303,-0.09551743913325289,9.652164514399963,6.202212420139424,57.20603138220048
